;;remove;2. Energy Prices;Crude Oil Prices;West Texas Intermediate Spot Average;Imported Average;Refiner Average Acquisition Cost;Brent Spot Average;U.S. Liquid Fuels;Refiner Prices for Resale;Gasoline;Diesel Fuel;Fuel Oil;Refiner Prices to End Users;Jet Fuel;No. 6 Residual Fuel;Retail Prices Including Taxes;Gasoline Regular Grade;Gasoline All Grades;On-highway Diesel Fuel;Heating Oil;Natural Gas;Henry Hub Spot;Henry Hub Spot;U.S. Retail Prices;Industrial Sector;Commercial Sector;Residential Sector;U.S. Electricity;Power Generation Fuel Costs;Coal;Natural Gas;Residual Fuel Oil;Distillate Fuel Oil;Retail Prices;Industrial Sector;Commercial Sector;Residential Sector
;;;2. Energy Prices;Crude Oil Prices;West Texas Intermediate Crude Oil Spot Price;Imported Crude Oil Average Price;Refiner Average Crude Oil Acquisition Cost;Brent Crude Oil Spot Price;U.S. Liquid Fuels;Refiner Prices for Resale;Gasoline Wholesale Price;No. 2 Diesel Fuel Wholesale Price;No. 2 Fuel Oil Wholesale Price;Refiner Prices to End Users;Jet Fuel Wholesale Price;No. 6 Residual Fuel Wholesale Price;Retail Prices Including Taxes;Gasoline Regular Grade Retail Price;Gasoline All Grades Retail Price;On-highway Diesel Fuel Retail Price;Heating Oil Retail Price;Natural Gas;Natural Gas Henry Hub Spot Price;Natural Gas Henry Hub Spot Price;U.S. Retail Prices;Natural Gas Price Industrial Sector;Natural Gas Price Commercial Sector;Natural Gas Price Residential Sector;U.S. Electricity;Power Generation Fuel Costs;Electric Power Sector Coal Cost;Electric Power Sector Natural Gas Cost;Electric Power Sector Residual Fuel Oil Cost;Electric Power Sector Distillate Fuel Oil Cost;Retail Prices;Electricity Price Industrial Sector;Electricity Price Commercial Sector;Electricity Price Residential Sector
;;map;0;0;1;1;1;1;0;0;1;1;1;0;1;1;0;1;1;1;1;0;1;1;0;1;1;1;0;0;1;1;1;1;0;1;1;1
;;linechart;0;0;1;1;1;1;0;0;1;1;1;0;1;1;0;1;1;1;1;0;1;1;0;1;1;1;0;0;1;1;1;1;0;1;1;1
;;units;;dollars per barrel;dollars per barrel;dollars per barrel;dollars per barrel;dollars per barrel;cents per gallon;;cents per gallon;cents per gallon;cents per gallon;;cents per gallon;cents per gallon;;cents per gallon;cents per gallon;cents per gallon;cents per gallon;dollars per thousand cubic feet;dollars per thousand cubic feet;dollars per million btu;dollars per thousand cubic feet;dollars per thousand cubic feet;dollars per thousand cubic feet;dollars per thousand cubic feet;dollars per million btu;dollars per million btu;dollars per million btu;dollars per million btu;dollars per million btu;dollars per million btu;cents per kilowatthour;cents per kilowatthour;cents per kilowatthour;cents per kilowatthour
;;source key;;;WTIPUUS;RAIMUUS;RACPUUS;BREPUUS;;;MGWHUUS;DSWHUUS;D2WHUUS;;JKTCUUS;RFTCUUS;;MGRARUS;MGEIAUS;DSRTUUS;D2RCAUS;;NGHHMCF;NGHHUUS;;NGICUUS;NGCCUUS;NGRCUUS;;;CLEUDUS;NGEUDUS;RFEUDUS;DKEUDUS;;ESICUUS;ESCMUUS;ESRCUUS
;;Jan 1997;;;25.13;23.02;23.59;23.54;;;75;70;70;;74;50;;124;128;129;114;;3.54;3.45;;4.6;6.19;6.74;;;1.28;4.08;3.06;--;;4.41;7.27;7.87
;;Feb 1997;;;22.18;20.88;21.64;20.85;;;73;68;65;;72;45;;123;128;128;113;;2.21;2.15;;4.18;6.14;6.79;;;1.29;3.12;2.88;--;;4.41;7.38;7.98
;;Mar 1997;;;20.96;19.16;19.82;19.13;;;71;62;58;;62;40;;121;125;123;108;;1.94;1.89;;3.34;5.73;6.52;;;1.3;2.36;2.67;--;;4.41;7.44;8.24
;;Apr 1997;;;19.7;17.83;18.35;17.55;;;70;62;59;;60;40;;120;124;121;105;;2.09;2.03;;3.1;5.46;6.53;;;1.3;2.31;2.55;--;;4.33;7.4;8.38
;;May 1997;;;20.82;18.55;18.79;19.02;;;71;61;59;;59;40;;120;125;120;103;;2.31;2.25;;3.04;5.39;6.83;;;1.28;2.47;2.58;--;;4.39;7.58;8.65
;;Jun 1997;;;19.26;17.35;17.8;17.58;;;68;57;55;;58;40;;120;124;117;100;;2.26;2.2;;3.19;5.64;8.3;;;1.28;2.54;2.63;--;;4.61;7.88;8.91
;;Jul 1997;;;19.66;17.49;17.84;18.46;;;68;56;54;;57;40;;117;122;115;96;;2.25;2.19;;3.11;5.35;8.78;;;1.26;2.44;2.7;--;;4.82;7.86;8.74
;;Aug 1997;;;19.95;17.96;18.19;18.59;;;75;59;55;;59;41;;122;127;117;95;;2.56;2.49;;3;5.43;8.99;;;1.25;2.52;2.68;--;;4.76;7.91;8.8
;;Sep 1997;;;19.8;17.85;18.14;18.46;;;72;58;54;;58;41;;123;128;116;95;;2.96;2.88;;3.32;5.58;8.84;;;1.26;2.9;2.75;--;;4.73;7.86;8.75
;;Oct 1997;;;21.32;18.73;19.17;19.86;;;69;62;59;;62;44;;120;124;118;96;;3.16;3.07;;3.69;5.74;7.69;;;1.26;3.24;3.02;--;;4.61;7.66;8.59
;;Nov 1997;;;20.19;17.88;18.52;19.17;;;66;62;58;;61;46;;117;122;119;97;;3.09;3.01;;4.02;5.86;6.86;;;1.26;3.42;3.09;--;;4.45;7.43;8.25
;;Dec 1997;;;18.33;15.95;16.91;17.18;;;62;55;53;;56;40;;113;118;111;98;;2.41;2.35;;3.74;5.72;6.54;;;1.25;2.78;2.65;--;;4.36;7.24;8.03
;;Jan 1998;;;16.72;14.33;15.04;15.19;;;58;50;49;;52;35;;109;113;112;97;;2.16;2.09;;3.67;5.65;6.41;;;1.26;2.75;2.35;--;;4.36;7.22;7.87
;;Feb 1998;;;16.06;13.32;13.98;14.07;;;55;48;48;;50;33;;105;110;108;95;;2.3;2.23;;3.58;5.59;6.41;;;1.26;2.53;2.06;--;;4.31;7.29;7.97
;;Mar 1998;;;15.12;12.34;12.84;13.1;;;52;46;45;;45;29;;102;106;106;93;;2.32;2.24;;3.4;5.4;6.29;;;1.27;2.54;1.99;--;;4.33;7.28;8.01
;;Apr 1998;;;15.35;12.81;13.06;13.53;;;55;48;45;;47;32;;103;108;107;92;;2.51;2.43;;3.28;5.64;6.81;;;1.27;2.6;2.19;--;;4.3;7.31;8.23
;;May 1998;;;14.91;12.61;12.95;14.36;;;58;47;43;;47;32;;106;111;107;90;;2.21;2.14;;3.14;5.73;7.7;;;1.26;2.47;2.15;--;;4.41;7.45;8.49
;;Jun 1998;;;13.72;11.61;11.94;12.21;;;56;44;40;;43;31;;106;110;104;87;;2.24;2.17;;2.97;5.51;8.51;;;1.26;2.38;2.17;--;;4.65;7.61;8.53
;;Jul 1998;;;14.17;11.55;11.9;12.08;;;54;43;39;;43;32;;106;109;103;85;;2.24;2.17;;3.04;5.64;8.53;;;1.25;2.48;2.2;--;;4.85;7.69;8.58
;;Aug 1998;;;13.47;11.34;11.77;11.91;;;51;41;37;;44;29;;103;107;101;84;;1.91;1.85;;2.75;5.46;9.25;;;1.26;2.18;2.03;--;;4.78;7.67;8.57
;;Sep 1998;;;15.03;12.77;13.01;13.34;;;51;46;42;;45;28;;101;105;102;83;;2.08;2.02;;2.65;5.49;8.96;;;1.25;2.12;1.96;--;;4.62;7.55;8.43
;;Oct 1998;;;14.46;12.11;12.61;12.7;;;52;46;41;;47;30;;102;106;104;83;;1.98;1.91;;2.75;5.31;7.6;;;1.24;2.23;2.08;--;;4.42;7.44;8.25
;;Nov 1998;;;13;10.99;11.56;11.04;;;48;41;39;;44;31;;100;104;102;84;;2.19;2.12;;2.95;5.22;6.58;;;1.24;2.41;1.99;--;;4.32;7.11;8.04
;;Dec 1998;;;11.35;9.39;9.81;9.82;;;43;35;35;;37;27;;95;99;97;83;;1.78;1.72;;2.92;5.23;6.34;;;1.21;2.31;1.75;--;;4.3;7.11;7.92
;;Jan 1999;;;12.52;10.16;10.43;11.11;;;45;36;36;;38;27;;94;98;97;83;;1.9;1.85;;3.29;5.19;6;;;1.22;2.26;1.76;--;;4.28;6.99;7.58
;;Feb 1999;;;12.01;10.33;10.55;10.27;;;43;35;33;;37;26;;92;96;96;83;;1.82;1.77;;2.92;5.28;6.29;;;1.25;2.22;1.66;--;;4.32;7.18;7.92
;;Mar 1999;;;14.68;12.1;12.13;12.51;;;52;43;40;;40;28;;98;102;100;83;;1.84;1.79;;2.96;4.97;6.06;;;1.24;2.12;1.76;--;;4.19;7.15;7.9
;;Apr 1999;;;17.31;14.82;14.95;15.29;;;63;49;45;;49;31;;113;117;108;85;;2.21;2.15;;3;5.31;6.44;;;1.24;2.25;2.12;--;;4.24;7.08;8.09
;;May 1999;;;17.72;15.57;15.95;15.22;;;62;48;44;;47;34;;113;117;107;85;;2.32;2.26;;2.86;5.34;7.3;;;1.22;2.52;2.3;--;;4.3;7.21;8.27
;;Jun 1999;;;17.92;15.91;16.06;15.86;;;62;50;45;;51;35;;111;115;107;85;;2.37;2.3;;2.82;5.29;8.2;;;1.22;2.48;2.33;--;;4.54;7.42;8.43
;;Jul 1999;;;20.1;18.05;18.07;19.08;;;69;56;51;;55;37;;116;120;112;86;;2.37;2.31;;2.86;5.43;8.83;;;1.21;2.51;2.6;--;;4.8;7.56;8.49
;;Aug 1999;;;21.28;19.56;19.57;20.22;;;74;62;56;;60;44;;122;126;117;88;;2.87;2.79;;2.98;5.45;9.14;;;1.21;2.82;2.93;--;;4.87;7.49;8.42
;;Sep 1999;;;23.8;21.64;21.68;22.54;;;76;65;61;;64;48;;126;130;122;94;;2.62;2.55;;3.4;5.55;8.63;;;1.2;2.94;3.04;--;;4.57;7.45;8.36
;;Oct 1999;;;22.69;21.62;21.93;22;;;72;65;61;;65;49;;124;129;123;98;;2.8;2.73;;3.2;5.46;7.56;;;1.21;2.82;3.1;--;;4.47;7.41;8.37
;;Nov 1999;;;25;23.14;23.12;24.58;;;75;70;66;;68;50;;125;129;126;102;;2.43;2.37;;3.51;5.72;7.15;;;1.19;2.98;3.16;--;;4.27;7.13;8.09
;;Dec 1999;;;26.1;24.35;24.51;25.47;;;76;71;68;;73;52;;127;131;129;109;;2.42;2.35;;3.16;5.57;6.51;;;1.18;2.65;3.3;--;;4.19;6.88;7.94
;;Jan 2000;;;27.26;25.29;25.49;25.51;;;79;78;84;;81;55;;129;133;136;119;;2.48;2.42;;3.41;5.77;6.37;;;1.2;2.71;3.54;--;;4.31;6.93;7.66
;;Feb 2000;;;29.37;27.39;27.55;27.77;;;88;85;92;;83;58;;138;142;146;161;;2.73;2.66;;3.68;5.95;6.54;;;1.21;2.9;3.92;--;;4.32;6.96;7.71
;;Mar 2000;;;29.84;27.7;28.41;27.49;;;99;85;80;;85;58;;152;156;148;136;;2.87;2.79;;3.54;5.78;6.91;;;1.21;2.93;3.86;--;;4.31;7.03;8.09
;;Apr 2000;;;25.72;24.29;24.97;22.76;;;89;80;76;;78;55;;146;151;142;129;;3.12;3.04;;3.59;6.03;7.19;;;1.22;3.16;3.8;--;;4.32;7.05;8.15
;;May 2000;;;28.79;26.35;26.46;27.74;;;98;81;78;;79;57;;149;153;142;126;;3.68;3.59;;3.67;5.97;8.26;;;1.2;3.55;4.1;--;;4.51;7.25;8.34
;;Jun 2000;;;31.82;28.91;29.13;29.8;;;109;82;80;;80;62;;163;167;142;125;;4.4;4.29;;4.24;6.49;9.5;;;1.21;4.46;4.35;--;;4.75;7.7;8.56
;;Jul 2000;;;29.7;28;28.74;28.68;;;99;84;81;;84;60;;155;159;143;125;;4.09;3.99;;4.55;6.55;10.32;;;1.19;4.34;4.31;--;;4.95;7.76;8.61
;;Aug 2000;;;31.26;28.8;29.01;30.2;;;97;92;88;;89;57;;146;151;147;125;;4.54;4.43;;4.33;6.08;10.37;;;1.19;4.29;4.18;--;;5.07;7.93;8.63
;;Sep 2000;;;33.88;30.56;31.13;33.14;;;105;105;101;;106;62;;155;159;164;141;;5.19;5.06;;4.88;6.92;10.1;;;1.18;4.87;4.55;--;;4.84;7.73;8.51
;;Oct 2000;;;33.11;29.71;30.63;30.96;;;102;104;99;;105;69;;153;157;164;145;;5.15;5.02;;5.45;7.48;9.44;;;1.22;5.3;4.76;--;;4.74;7.67;8.49
;;Nov 2000;;;34.42;30;31;32.55;;;100;103;100;;107;65;;152;156;162;148;;5.67;5.52;;5.39;7.57;8.58;;;1.19;5.39;4.63;--;;4.59;7.34;8.15
;;Dec 2000;;;28.44;25.19;26.31;25.66;;;88;94;94;;100;63;;144;148;157;153;;9.13;8.9;;6.67;8.2;8.56;;;1.19;8.41;4.31;--;;4.88;7.52;7.82
;;Jan 2001;;;29.59;24.49;25.45;25.62;;;94;91;90;;88;62;;145;149;152;151;;8.41;8.17;;8.84;9.5;10.12;;;1.22;9.21;4.22;6.85;;4.75;7.25;7.73
;;Feb 2001;;;29.61;24.97;26.09;27.5;;;94;86;82;;87;60;;145;149;149;146;;5.77;5.61;;7.21;9.8;10.26;;;1.24;6.95;4.43;6.7;;4.81;7.51;8.04
;;Mar 2001;;;27.25;23.01;24.05;24.5;;;91;78;76;;81;57;;141;145;140;139;;5.38;5.23;;6.3;9.14;9.85;;;1.23;5.74;4.02;5.91;;4.87;7.7;8.32
;;Apr 2001;;;27.49;22.99;23.87;25.66;;;106;83;79;;80;53;;155;159;142;137;;5.34;5.19;;6.08;9.01;10.16;;;1.24;5.64;3.88;6.34;;4.87;7.73;8.46
;;May 2001;;;28.63;24.63;25.31;28.31;;;115;90;82;;84;54;;170;174;150;134;;4.31;4.19;;5.46;9.19;11.14;;;1.24;5.14;3.77;6.29;;5;7.77;8.83
;;Jun 2001;;;27.6;23.95;24.92;27.85;;;99;85;79;;84;52;;162;166;148;132;;3.83;3.72;;4.75;8.5;11.58;;;1.25;4.25;3.8;6.37;;5.23;8.13;9.07
;;Jul 2001;;;26.43;22.76;23.76;24.61;;;84;76;73;;77;52;;142;147;138;126;;3.2;3.11;;4.1;7.9;11.22;;;1.23;3.74;3.6;5.78;;5.56;8.41;9.03
;;Aug 2001;;;27.37;23.77;24.44;25.68;;;91;81;77;;78;51;;142;146;139;124;;3.05;2.97;;3.99;7.61;10.89;;;1.23;3.56;3.48;6.13;;5.49;8.35;9.01
;;Sep 2001;;;26.2;22.51;23.73;25.62;;;94;84;79;;82;53;;152;156;150;129;;2.26;2.19;;3.5;6.96;10.17;;;1.23;2.95;3.41;6.6;;5.3;8.22;8.92
;;Oct 2001;;;22.17;18.76;20.04;20.54;;;74;71;68;;68;49;;132;136;135;123;;2.53;2.46;;3.18;6.39;8.24;;;1.21;2.71;3.09;5.73;;5.06;8.27;8.84
;;Nov 2001;;;19.64;16.06;17.24;18.8;;;63;62;61;;63;43;;117;121;126;119;;2.41;2.34;;3.88;6.79;7.98;;;1.24;3.24;2.8;4.76;;4.78;7.73;8.48
;;Dec 2001;;;19.39;15.95;16.52;18.7;;;58;55;57;;56;42;;109;113;117;112;;2.37;2.3;;3.69;6.35;7.3;;;1.22;3.08;2.74;4.27;;4.78;7.66;8.29
;;Jan 2002;;;19.71;17.04;17.38;19.42;;;61;55;58;;58;44;;111;115;115;112;;2.38;2.32;;4.05;6.51;7.38;;;1.26;3;2.79;4.51;;4.73;7.49;8.07
;;Feb 2002;;;20.72;18.24;18.43;20.27;;;63;57;58;;59;43;;111;116;115;111;;2.38;2.32;;3.7;6.4;7.23;;;1.28;2.74;2.73;4.15;;4.76;7.68;8.19
;;Mar 2002;;;24.53;22.29;22;23.7;;;78;67;65;;64;50;;125;129;123;112;;3.1;3.03;;3.78;6.28;7.1;;;1.25;3.2;3.07;4.46;;4.73;7.72;8.17
;;Apr 2002;;;26.18;23.98;24.1;25.73;;;87;71;68;;70;56;;140;144;131;116;;3.51;3.43;;3.64;6.56;7.66;;;1.25;3.64;3.5;5.15;;4.73;7.68;8.37
;;May 2002;;;27.04;24.44;25.03;25.34;;;86;71;68;;71;58;;139;143;131;116;;3.59;3.5;;4.07;6.68;8.54;;;1.26;3.65;3.65;5.24;;4.78;7.84;8.64
;;Jun 2002;;;25.52;23.45;24.05;24.08;;;86;68;66;;69;58;;138;142;129;114;;3.34;3.26;;3.86;6.8;9.58;;;1.26;3.49;3.68;4.87;;5.03;8.18;8.73
;;Jul 2002;;;26.97;24.99;25.16;25.74;;;88;71;69;;72;59;;140;144;130;113;;3.06;2.99;;3.8;6.62;10.31;;;1.25;3.41;3.63;5.19;;5.27;8.33;8.82
;;Aug 2002;;;28.39;25.68;26.19;26.65;;;87;76;71;;75;61;;140;144;133;114;;3.17;3.09;;3.62;6.45;10.44;;;1.26;3.33;3.93;5.3;;5.15;8.24;8.72
;;Sep 2002;;;29.66;27.14;27.66;28.4;;;89;83;78;;83;64;;140;144;141;117;;3.64;3.55;;3.89;6.54;10.23;;;1.26;3.61;3.89;6.05;;4.98;8;8.59
;;Oct 2002;;;28.84;25.99;26.7;27.54;;;93;86;80;;85;66;;145;149;146;120;;4.23;4.13;;4.18;6.64;8.61;;;1.25;4.04;4.24;6.19;;4.91;8;8.47
;;Nov 2002;;;26.35;23.68;24.6;24.34;;;85;79;75;;77;60;;142;146;142;122;;4.14;4.04;;4.72;6.89;7.99;;;1.25;4.23;4.22;5.78;;4.71;7.64;8.31
;;Dec 2002;;;29.46;26.68;26.93;28.33;;;86;82;81;;81;62;;139;143;143;127;;4.86;4.74;;4.92;7.16;7.87;;;1.22;4.53;4.24;6.39;;4.72;7.59;8.08
;;Jan 2003;;;32.95;30.3;30.52;31.18;;;95;89;90;;91;75;;146;150;149;140;;5.59;5.43;;5.65;7.48;8.18;;;1.26;5.15;4.94;6.62;;4.92;7.45;8
;;Feb 2003;;;35.83;32.23;33;32.77;;;110;108;109;;102;84;;161;166;165;164;;7.93;7.71;;6.4;7.98;8.58;;;1.29;6.16;5.71;7.7;;4.99;7.65;8.02
;;Mar 2003;;;33.51;29.23;30.65;30.61;;;113;103;105;;104;81;;169;173;171;177;;6.11;5.93;;8.27;9.2;9.77;;;1.31;6.98;5.26;9.31;;5.02;7.78;8.35
;;Apr 2003;;;28.17;24.48;26.02;25;;;100;86;83;;82;64;;159;163;153;149;;5.42;5.26;;5.96;8.97;10.18;;;1.29;5.22;4.67;6.46;;4.99;7.93;8.82
;;May 2003;;;28.11;25.15;25.74;25.86;;;94;79;76;;76;62;;150;154;145;137;;5.98;5.81;;5.78;8.71;10.79;;;1.29;5.48;4.2;5.97;;5.06;8.06;8.99
;;Jun 2003;;;30.66;27.22;27.92;27.65;;;96;81;77;;77;64;;149;153;142;131;;5.99;5.82;;6.59;9;12.08;;;1.28;5.88;4.3;5.79;;5.28;8.44;9.25
;;Jul 2003;;;30.75;27.95;28.55;28.35;;;98;84;79;;82;70;;151;155;144;128;;5.17;5.03;;5.69;8.73;12.75;;;1.28;5.3;4.72;5.85;;5.54;8.55;9.21
;;Aug 2003;;;31.57;28.5;29.15;29.89;;;110;89;84;;87;70;;162;166;149;128;;5.13;4.99;;5.28;8.4;12.84;;;1.28;5.06;4.66;6.57;;5.48;8.46;9.22
;;Sep 2003;;;28.31;25.66;26.39;27.11;;;103;81;77;;82;65;;168;172;146;128;;4.75;4.62;;5.32;8.41;12.31;;;1.28;4.98;4.36;6.07;;5.19;8.15;8.92
;;Oct 2003;;;30.34;27.32;27.75;29.61;;;98;87;84;;85;65;;156;161;148;130;;4.76;4.63;;4.93;8.28;10.64;;;1.28;4.81;4.31;6.44;;5.07;8.09;8.85
;;Nov 2003;;;31.11;27.47;28.28;28.75;;;94;87;84;;88;67;;151;156;148;133;;4.6;4.47;;5.19;8.36;9.77;;;1.27;4.71;4.37;6.44;;4.86;7.85;8.72
;;Dec 2003;;;32.13;28.63;29.28;29.81;;;94;89;89;;93;67;;148;152;149;136;;6.31;6.13;;5.9;8.62;9.51;;;1.27;5.45;4.4;6.62;;4.87;7.7;8.3
;;Jan 2004;;;34.31;30.11;30.93;31.28;;;105;96;97;;100;72;;157;161;155;151;;6.3;6.14;;6.72;9.06;9.71;;;1.29;6.17;4.49;7.32;;5.01;7.7;8.24
;;Feb 2004;;;34.69;30.69;31.72;30.86;;;113;97;93;;101;70;;165;169;158;156;;5.51;5.37;;6.52;9.1;9.85;;;1.32;5.64;4.52;7.13;;5.04;7.85;8.33
;;Mar 2004;;;36.74;32.16;33.1;33.63;;;120;101;94;;103;68;;174;178;163;154;;5.53;5.39;;5.97;9.05;10.03;;;1.33;5.37;4.28;7.15;;5.04;7.92;8.62
;;Apr 2004;;;36.75;32.34;33.47;33.59;;;125;108;95;;107;69;;180;184;169;152;;5.86;5.71;;6.06;9.02;10.54;;;1.34;5.57;4.44;7.37;;5.09;7.89;8.93
;;May 2004;;;40.27;35.68;36.32;37.57;;;144;112;103;;117;73;;198;202;175;153;;6.5;6.33;;6.34;9.23;11.63;;;1.35;6.11;4.94;7.56;;5.18;7.99;9.07
;;Jun 2004;;;38.02;33.45;34.59;35.18;;;134;107;102;;110;74;;197;201;171;154;;6.43;6.27;;6.82;9.71;13.08;;;1.35;6.36;4.99;7.67;;5.46;8.49;9.29
;;Jul 2004;;;40.78;35.89;36.68;38.22;;;134;115;110;;117;72;;191;195;174;154;;6.09;5.93;;6.41;9.65;13.54;;;1.37;6.08;4.78;7.89;;5.63;8.63;9.36
;;Aug 2004;;;44.9;39.46;40.3;42.74;;;131;124;119;;127;74;;188;192;183;161;;5.55;5.41;;6.36;9.66;13.74;;;1.4;5.84;4.73;8.7;;5.65;8.7;9.5
;;Sep 2004;;;45.94;40.42;41.35;43.2;;;133;133;127;;133;78;;187;191;192;167;;5.28;5.14;;5.68;9.26;13.31;;;1.37;5.26;4.8;8.65;;5.41;8.54;9.39
;;Oct 2004;;;53.28;45.36;46.13;49.78;;;146;153;148;;155;83;;200;204;213;188;;6.52;6.35;;6.03;9.17;11.69;;;1.41;5.84;5.1;9.56;;5.25;8.23;9.05
;;Nov 2004;;;48.47;39.89;41.77;43.11;;;138;142;139;;147;83;;198;202;215;196;;6.33;6.17;;7.64;10.21;11.44;;;1.41;6.65;5.18;9.64;;5.09;8.04;8.96
;;Dec 2004;;;43.15;34.07;36.6;39.6;;;119;127;130;;134;76;;184;189;201;190;;6.75;6.58;;7.54;10.42;11.09;;;1.41;6.76;4.74;8.86;;5.14;7.82;8.58
;;Jan 2005;;;46.84;37.56;39.01;44.51;;;128;131;131;;131;77;;183;187;196;186;;6.32;6.15;;7.06;10.02;10.9;;;1.46;6.5;5.01;9.73;;5.07;7.98;8.5
;;Feb 2005;;;48.15;39.72;41.05;45.48;;;134;139;134;;138;81;;191;195;203;196;;6.31;6.14;;7.15;9.83;10.87;;;1.48;6.23;5.23;9.47;;5.09;8.21;8.74
;;Mar 2005;;;54.19;45.73;46.78;53.1;;;153;159;154;;159;90;;208;212;221;208;;7.15;6.96;;7.12;9.91;10.84;;;1.52;6.61;5.52;11.11;;5.14;8.21;8.86
;;Apr 2005;;;52.98;45.25;46.71;51.88;;;164;164;156;;168;98;;224;228;229;212;;7.36;7.16;;7.71;10.25;11.88;;;1.54;7.11;6.26;10.78;;5.17;8.29;9.21
;;May 2005;;;49.83;43.19;44.84;48.65;;;154;152;144;;157;103;;216;220;220;204;;6.65;6.47;;7.19;10.35;12.74;;;1.55;6.68;6.1;10.09;;5.29;8.48;9.55
;;Jun 2005;;;56.35;49.28;50.3;54.35;;;161;167;159;;165;102;;216;220;229;206;;7.38;7.18;;6.91;10.22;13.79;;;1.54;6.83;6.55;10.79;;5.69;8.97;9.77
;;Jul 2005;;;59;52.79;53.83;57.52;;;171;172;165;;172;105;;229;233;237;217;;7.84;7.63;;7.4;10.58;14.86;;;1.52;7.34;6.85;10.76;;5.95;9.07;9.75
;;Aug 2005;;;64.98;58.67;59.3;63.98;;;196;190;178;;185;111;;249;253;250;228;;9.8;9.53;;7.98;11.01;15.51;;;1.56;8.36;7.47;11.12;;6.02;9.18;9.91
;;Sep 2005;;;65.59;58.79;60.18;62.91;;;221;213;199;;210;125;;290;295;282;259;;12.07;11.74;;10.18;12.59;16.56;;;1.6;10.62;8.4;13.55;;5.99;9.24;9.91
;;Oct 2005;;;62.26;55.31;57.18;58.54;;;197;232;207;;235;128;;272;277;310;263;;13.8;13.42;;12.06;14.29;16.44;;;1.58;11.55;8.51;15.18;;5.86;8.96;9.73
;;Nov 2005;;;58.32;49.97;52.13;55.24;;;160;183;175;;185;120;;226;230;257;246;;10.59;10.3;;12.11;14.76;15.64;;;1.57;9.86;8.2;13.12;;5.71;8.81;9.74
;;Dec 2005;;;59.41;50.85;52.51;56.85;;;161;176;172;;176;120;;219;223;244;241;;13.41;13.05;;11.17;14.01;14.6;;;1.59;10.8;8.01;12.51;;5.72;8.81;9.25
;;Jan 2006;;;65.48;55.85;57.33;62.98;;;175;181;176;;184;124;;232;236;247;242;;8.93;8.69;;10.85;14.16;14.92;;;1.67;9.11;8.1;13.68;;5.78;8.87;9.55
;;Feb 2006;;;61.63;52.8;54.82;60.21;;;166;181;171;;186;125;;228;233;248;242;;7.75;7.54;;9.38;12.95;13.98;;;1.68;7.84;7.8;11.69;;5.98;9.14;9.8
;;Mar 2006;;;62.69;55.31;56.38;62.06;;;187;190;179;;188;125;;242;247;256;243;;7.08;6.89;;8.24;12.07;13.17;;;1.71;7.17;7.98;12.39;;5.88;9.06;9.87
;;Apr 2006;;;69.44;62.41;62.98;70.26;;;220;212;197;;205;128;;274;279;273;253;;7.36;7.16;;7.93;11.57;13.27;;;1.71;7.13;6.81;14.48;;5.93;9.17;10.32
;;May 2006;;;70.84;64.39;65.34;69.78;;;226;219;201;;216;132;;291;295;290;257;;6.42;6.25;;7.63;11.61;14.41;;;1.7;6.75;8.01;14.77;;6;9.22;10.61
;;Jun 2006;;;70.95;63.79;65.13;68.56;;;228;219;198;;216;129;;288;293;290;257;;6.38;6.21;;6.92;11.09;15.07;;;1.69;6.47;8.08;14.45;;6.41;9.88;10.85
;;Jul 2006;;;74.41;67.99;68.86;73.67;;;240;225;200;;218;128;;298;303;293;260;;6.34;6.17;;6.78;10.98;15.72;;;1.68;6.48;8.14;13.23;;6.61;9.97;10.96
;;Aug 2006;;;73.04;66.45;67.77;73.23;;;226;234;206;;223;130;;295;300;305;265;;7.33;7.13;;7.36;11.2;16.18;;;1.7;7.33;8.41;15.52;;6.65;10.04;10.94
;;Sep 2006;;;63.8;57.29;58.92;61.96;;;180;191;180;;200;116;;256;261;278;253;;5.03;4.9;;7.21;11.16;15.71;;;1.71;6.17;7.62;10.86;;6.37;9.89;10.94
;;Oct 2006;;;58.89;52.7;54.04;57.81;;;164;183;172;;183;109;;224;229;252;240;;6.01;5.85;;5.62;10.05;12.51;;;1.7;5.51;7;12.06;;6.16;9.51;10.58
;;Nov 2006;;;59.08;52.7;53.61;58.76;;;167;187;170;;180;109;;223;228;254;238;;7.61;7.41;;7.74;11.05;12.45;;;1.69;7.28;7.22;12.33;;6.04;9.24;10.18
;;Dec 2006;;;61.96;54.97;55.98;62.47;;;173;189;175;;194;110;;231;236;261;246;;6.92;6.73;;8.23;11.61;12.53;;;1.69;7.43;7.28;12.9;;6;9.08;9.84
;;Jan 2007;;;54.51;49.57;50.77;53.68;;;157;170;161;;176;106;;224;229;248;237;;6.73;6.55;;7.36;11.18;12.17;;;1.74;6.81;7.25;11.87;;6.13;9.12;10.06
;;Feb 2007;;;59.28;53.77;54.45;57.55;;;172;182;173;;179;113;;228;232;249;243;;8.22;8;;8.25;11.22;12.13;;;1.75;7.87;7.25;11.95;;6.16;9.34;9.89
;;Mar 2007;;;60.44;56.31;56.84;62.05;;;200;198;178;;187;115;;256;261;267;251;;7.3;7.11;;8.42;11.79;12.81;;;1.76;7.44;7.08;12.85;;6.22;9.35;10.27
;;Apr 2007;;;63.98;60.45;60.68;67.48;;;226;212;191;;204;121;;285;289;283;256;;7.81;7.6;;8.14;11.5;13.31;;;1.77;7.54;7.91;14.04;;6.19;9.38;10.63
;;May 2007;;;63.45;61.55;61.71;67.21;;;250;210;195;;211;130;;315;319;280;257;;7.84;7.64;;8.11;11.51;14.69;;;1.77;7.73;8.41;14.65;;6.27;9.51;10.77
;;Jun 2007;;;67.49;65.24;65.14;71.05;;;236;215;201;;213;136;;306;310;281;256;;7.54;7.35;;7.92;11.81;16.28;;;1.77;7.6;8.9;14.79;;6.59;9.95;11.09
;;Jul 2007;;;74.12;70.75;71.24;76.93;;;231;222;207;;219;142;;296;301;287;262;;6.39;6.22;;7.51;11.63;16.71;;;1.76;6.87;8.87;15.24;;6.71;10.14;11.07
;;Aug 2007;;;72.36;68.28;69.46;70.76;;;215;219;202;;216;146;;279;283;287;263;;6.39;6.22;;6.72;11.19;16.71;;;1.77;6.62;9.21;15.25;;6.84;10.07;11.07
;;Sep 2007;;;79.92;72.34;73.54;77.17;;;220;232;213;;225;145;;280;285;295;271;;6.24;6.08;;6.28;10.92;16.03;;;1.77;6.12;8.98;15.68;;6.52;9.9;10.96
;;Oct 2007;;;85.8;78.61;79.87;82.34;;;222;243;226;;238;157;;280;285;307;281;;6.93;6.74;;7.06;10.93;14.57;;;1.77;6.78;9.88;16.61;;6.46;9.77;10.82
;;Nov 2007;;;94.77;85.53;86.78;92.41;;;246;270;257;;268;180;;308;313;340;317;;7.29;7.1;;7.87;11.23;13.04;;;1.78;7.11;11.6;18.86;;6.28;9.5;10.7
;;Dec 2007;;;91.69;83.21;85.29;90.93;;;236;260;257;;269;184;;302;307;334;325;;7.3;7.11;;8.18;11.24;12.34;;;1.82;7.68;11.64;18.65;;6.26;9.42;10.33
;;Jan 2008;;;92.97;84.82;86.48;92.18;;;240;258;256;;269;186;;304;309;331;334;;8.2;7.99;;8.29;11.2;12.24;;;1.88;8.19;12.4;19.43;;6.33;9.39;10.14
;;Feb 2008;;;95.39;87.41;89.09;94.99;;;244;274;261;;269;180;;303;308;338;334;;8.77;8.54;;8.96;11.49;12.58;;;1.89;8.58;12.47;20.16;;6.34;9.46;10.16
;;Mar 2008;;;105.45;96.96;97.96;103.64;;;264;316;298;;312;193;;324;329;388;370;;9.67;9.41;;9.61;12.03;13.13;;;1.93;9.25;12.51;21.09;;6.46;9.62;10.45
;;Apr 2008;;;112.58;104.72;106.09;109.07;;;286;336;320;;333;198;;346;351;408;388;;10.46;10.18;;10.03;12.63;14.49;;;1.97;9.89;12.76;23.09;;6.64;9.79;10.93
;;May 2008;;;125.4;116.55;117.64;122.8;;;317;371;354;;366;213;;377;382;443;419;;11.57;11.27;;11.35;13.51;16.33;;;2.04;10.73;13.78;25.99;;6.75;10.05;11.4
;;Jun 2008;;;133.88;126.22;127.32;132.32;;;342;386;376;;393;243;;405;411;468;459;;13.03;12.69;;12.11;14.68;18.91;;;2.08;12.04;16.31;26.44;;7.35;10.87;11.77
;;Jul 2008;;;133.37;127.77;129.03;132.72;;;335;388;380;;401;272;;406;411;470;465;;11.39;11.09;;13.06;15.64;20.77;;;2.1;11.51;17.83;27.76;;7.72;11.1;12.07
;;Aug 2008;;;116.67;111.19;113.74;113.24;;;308;334;329;;343;269;;378;383;430;422;;8.48;8.26;;10.1;14.19;20.17;;;2.18;8.79;17.79;25.04;;7.55;11.07;12.09
;;Sep 2008;;;104.11;96.38;98.91;97.23;;;300;316;300;;327;241;;370;376;402;395;;7.88;7.67;;9.13;13.12;18.41;;;2.19;7.68;14.79;23.35;;7.31;10.77;11.92
;;Oct 2008;;;76.61;70.84;74.22;71.58;;;215;251;240;;260;186;;305;311;358;354;;6.92;6.74;;8.1;12.06;15.45;;;2.21;6.69;14.28;19.53;;7.19;10.41;11.81
;;Nov 2008;;;57.31;49.1;53.33;52.45;;;139;196;195;;199;123;;215;221;288;300;;6.86;6.68;;7.34;11.72;13.8;;;2.17;6.45;9.5;15.75;;6.93;10.16;11.42
;;Dec 2008;;;41.12;35.59;37.67;39.95;;;106;147;158;;152;102;;169;174;245;264;;5.97;5.82;;7.86;11.61;12.84;;;2.16;6.68;7.11;12.39;;6.79;9.92;10.86
;;Jan 2009;;;41.71;36.84;37.45;43.44;;;125;148;155;;148;105;;179;184;229;251;;5.37;5.24;;7.5;11.28;12.49;;;2.23;6.38;6.9;11.67;;6.92;9.96;10.98
;;Feb 2009;;;39.09;38.56;38.15;43.32;;;133;133;143;;136;107;;192;198;220;245;;4.63;4.51;;6.43;10.98;12.26;;;2.27;5.38;6.84;11.36;;6.9;10.2;11.18
;;Mar 2009;;;47.94;45.96;45.57;46.54;;;140;132;136;;128;103;;196;201;209;232;;4.06;3.96;;5.69;10.46;11.98;;;2.29;4.73;7.02;10.75;;6.81;9.96;11.28
;;Apr 2009;;;49.65;49.58;48.78;50.18;;;148;146;140;;146;107;;205;210;222;235;;3.58;3.5;;5.05;9.7;11.68;;;2.22;4.48;7.9;11.54;;6.75;9.87;11.5
;;May 2009;;;59.03;56.77;55.96;57.3;;;176;153;147;;149;123;;227;232;223;234;;3.93;3.83;;4.4;9.42;12.86;;;2.23;4.48;8.29;12;;6.77;10.11;11.78
;;Jun 2009;;;69.64;66.37;65.72;68.61;;;202;183;174;;182;145;;263;268;253;245;;3.9;3.8;;4.56;9.53;14.26;;;2.22;4.44;9.46;13.66;;7.09;10.46;11.81
;;Jul 2009;;;64.15;63.46;63.58;64.44;;;187;175;166;;177;140;;253;258;254;245;;3.47;3.38;;4.68;9.74;15.27;;;2.19;4.32;10.23;14;;7.1;10.56;11.85
;;Aug 2009;;;71.05;68.09;67.99;72.51;;;203;194;180;;192;154;;262;267;263;256;;3.22;3.14;;4.38;9.52;15.61;;;2.21;4.15;11.02;14.94;;7.1;10.52;11.94
;;Sep 2009;;;69.41;67.65;67.74;67.65;;;192;185;177;;183;154;;255;261;263;255;;3.06;2.99;;3.89;9.35;14.8;;;2.18;3.84;12.04;15.22;;6.89;10.45;11.96
;;Oct 2009;;;75.72;72.06;72.08;72.77;;;198;198;192;;193;155;;255;260;267;260;;4.11;4.01;;4.82;8.93;11.78;;;2.17;4.82;11.54;15.79;;6.7;10.13;11.65
;;Nov 2009;;;77.99;74.4;74.48;76.66;;;204;204;200;;206;164;;265;271;279;279;;3.75;3.66;;5.44;9.45;11.48;;;2.13;4.87;11.56;15.5;;6.4;9.78;11.26
;;Dec 2009;;;74.47;72.67;72.95;74.46;;;200;200;199;;202;167;;261;266;274;279;;5.48;5.35;;5.97;9.1;10.42;;;2.14;5.96;11.77;15.88;;6.54;9.7;10.9
;;Jan 2010;;;78.33;75.07;75.48;76.17;;;210;208;208;;213;173;;272;277;284;297;;5.97;5.83;;6.93;9.65;10.56;;;2.23;6.71;11.85;15.73;;6.5;9.55;10.49
;;Feb 2010;;;76.39;73.73;74.58;73.75;;;203;203;199;;202;168;;264;270;278;289;;5.44;5.32;;6.76;9.71;10.69;;;2.27;6.07;12.11;15.69;;6.55;9.89;10.89
;;Mar 2010;;;81.2;76.77;77.43;78.83;;;220;216;210;;214;169;;277;282;291;291;;4.39;4.29;;6.01;9.7;10.99;;;2.31;5.29;12.44;16.42;;6.53;9.95;11.11
;;Apr 2010;;;84.29;80.03;80.83;84.82;;;227;231;221;;227;172;;285;290;306;298;;4.13;4.03;;5.12;9.57;11.97;;;2.29;4.71;13.17;17.1;;6.55;9.95;11.71
;;May 2010;;;73.74;71.15;72.66;75.95;;;215;218;213;;220;169;;284;289;307;291;;4.24;4.14;;5.08;9.5;13.12;;;2.26;4.79;12.36;16.54;;6.64;10.15;11.91
;;Jun 2010;;;75.34;71.91;72.66;74.76;;;211;212;204;;211;164;;273;279;295;283;;4.91;4.8;;5.04;9.72;14.86;;;2.25;5.12;11.96;16.12;;6.97;10.56;11.91
;;Jul 2010;;;76.32;73.27;73.73;75.58;;;211;210;200;;210;164;;273;278;291;280;;4.73;4.63;;5.49;10.04;16.21;;;2.27;5.18;12.28;15.89;;7.23;10.72;12.04
;;Aug 2010;;;76.6;73.52;74.58;77.04;;;210;216;204;;216;168;;273;278;296;281;;4.41;4.32;;5.37;9.94;16.65;;;2.3;4.92;12.28;16.24;;7.22;10.62;12.03
;;Sep 2010;;;75.24;73.15;73.85;77.84;;;209;219;209;;215;165;;271;276;295;283;;3.98;3.89;;4.61;9.56;15.63;;;2.28;4.45;12.34;16.53;;7;10.52;11.95
;;Oct 2010;;;81.89;76.9;77.76;82.67;;;220;233;222;;230;172;;280;285;305;294;;3.51;3.43;;4.73;9.27;13.37;;;2.27;4.3;13.53;17.14;;6.8;10.25;11.86
;;Nov 2010;;;84.25;79.92;80.85;85.28;;;224;239;231;;237;180;;286;291;314;304;;3.8;3.71;;4.6;8.86;10.89;;;2.26;4.35;14.06;17.43;;6.56;9.99;11.62
;;Dec 2010;;;89.15;85.59;85.95;91.45;;;238;249;244;;248;193;;299;305;324;319;;4.35;4.25;;5.5;8.82;9.98;;;2.23;5.43;14.61;18.56;;6.6;9.82;11.06
;;Jan 2011;;;89.17;87.61;88.04;96.52;;;247;262;259;;262;201;;309;315;339;342;;4.59;4.49;;5.66;8.74;9.9;;;2.32;5.39;14.8;19.59;;6.53;9.78;10.87
;;Feb 2011;;;88.58;91.42;90.66;103.72;;;258;282;274;;282;215;;321;326;358;361;;4.18;4.09;;5.77;8.88;10.14;;;2.35;5.09;15.94;20.93;;6.63;9.99;11.06
;;Mar 2011;;;102.86;102.43;102.43;114.64;;;293;313;300;;316;240;;356;362;390;383;;4.06;3.97;;5.21;8.89;10.43;;;2.34;4.64;17.59;22.59;;6.53;9.93;11.52
;;Apr 2011;;;109.53;113.02;112.51;123.26;;;322;330;317;;331;248;;380;385;406;398;;4.33;4.24;;5.34;9.02;11.27;;;2.38;4.86;18.21;24.06;;6.53;9.96;11.67
;;May 2011;;;100.9;107.98;107.84;114.99;;;317;312;304;;322;244;;391;396;405;391;;4.41;4.31;;5.21;9.35;12.5;;;2.43;4.89;17.57;23.04;;6.68;10.19;11.93
;;Jun 2011;;;96.26;105.38;104.23;113.83;;;297;308;296;;314;247;;368;373;393;382;;4.64;4.54;;5.21;9.57;14.7;;;2.4;5.04;20.38;23.13;;7.14;10.66;11.97
;;Jul 2011;;;97.3;105.94;104.68;116.97;;;306;314;302;;312;251;;365;370;391;369;;4.52;4.42;;5.05;9.58;16.14;;;2.44;4.98;20.18;22.95;;7.32;10.67;12.09
;;Aug 2011;;;86.33;99;97.7;110.22;;;295;303;293;;306;251;;364;370;386;367;;4.14;4.05;;5.21;9.77;16.67;;;2.47;4.73;17.09;22.51;;7.39;10.72;12.09
;;Sep 2011;;;85.52;101.05;99.39;112.83;;;290;304;293;;306;247;;361;367;384;365;;3.98;3.9;;4.84;9.46;15.63;;;2.44;4.56;19.66;22.73;;7.15;10.59;12.17
;;Oct 2011;;;86.32;101.99;100.57;109.55;;;281;304;292;;299;245;;345;351;380;364;;3.64;3.57;;4.71;8.94;12.85;;;2.39;4.33;19.62;23.2;;6.77;10.25;12.08
;;Nov 2011;;;97.16;107.67;107.28;110.77;;;270;316;305;;312;252;;338;344;396;368;;3.31;3.24;;4.64;8.62;10.78;;;2.37;4.1;19.47;23.38;;6.53;9.98;11.78
;;Dec 2011;;;98.56;106.52;105.69;107.87;;;261;293;293;;296;251;;327;333;386;365;;3.24;3.17;;4.59;8.3;9.83;;;2.34;4.04;20.99;22.45;;6.51;9.77;11.4
;;Jan 2012;;;100.27;105.25;104.71;110.69;;;275;302;303;;309;262;;338;344;383;370;;2.74;2.67;;4.58;8.04;9.62;;;2.37;3.69;20.86;22.94;;6.44;9.84;11.41
;;Feb 2012;;;102.2;108.08;107.18;119.33;;;294;316;317;;321;271;;358;364;395;380;;2.57;2.5;;4.19;7.76;9.47;;;2.38;3.34;21.1;23.81;;6.45;9.94;11.51
;;Mar 2012;;;106.16;111;110.92;125.44;;;320;331;321;;334;278;;385;391;413;391;;2.23;2.17;;3.71;8.16;10.41;;;2.39;2.99;22.1;24.96;;6.46;9.84;11.7
;;Apr 2012;;;103.32;108.54;109.68;119.75;;;319;325;315;;328;273;;390;396;412;386;;1.99;1.95;;3.21;8.04;10.94;;;2.42;2.71;22.99;24.61;;6.38;9.82;11.92
;;May 2012;;;94.66;103.26;103.17;110.34;;;302;304;298;;310;278;;373;379;398;375;;2.49;2.43;;3.02;8.14;12.61;;;2.42;2.94;23.06;23.24;;6.53;9.96;11.9
;;Jun 2012;;;82.3;92.18;91.96;95.16;;;276;274;264;;277;248;;354;360;376;351;;2.52;2.46;;3.34;8.44;14.18;;;2.36;3.11;22.41;21.63;;6.89;10.39;12.09
;;Jul 2012;;;87.89;92.99;92.84;102.62;;;281;291;277;;286;241;;344;350;372;349;;3.03;2.95;;3.6;8.52;15.13;;;2.4;3.43;19.84;21.92;;7.13;10.39;12
;;Aug 2012;;;94.13;97.04;97.7;113.36;;;309;321;299;;312;258;;372;378;398;366;;2.91;2.84;;3.83;8.71;15.82;;;2.4;3.5;19.86;23.38;;7.08;10.39;12.17
;;Sep 2012;;;94.51;101.82;101.97;112.86;;;316;328;313;;328;258;;385;391;412;382;;2.92;2.85;;3.56;8.35;14.72;;;2.38;3.41;20.9;24.42;;6.97;10.5;12.3
;;Oct 2012;;;89.49;100.92;100.02;111.71;;;294;327;316;;321;250;;375;381;409;385;;3.4;3.32;;3.94;8.07;11.68;;;2.36;3.84;20.77;24.93;;6.62;10.08;12.03
;;Nov 2012;;;86.53;98.07;96.78;109.06;;;271;312;305;;305;249;;345;352;400;385;;3.63;3.54;;4.46;7.99;9.99;;;2.36;4.25;20.72;24.28;;6.5;9.89;11.75
;;Dec 2012;;;87.86;93.7;95.06;109.49;;;259;302;300;;301;243;;331;338;396;384;;3.43;3.34;;4.73;8.18;9.8;;;2.36;4.21;18.83;23.44;;6.52;9.81;11.62
;;Jan 2013;;;94.76;97.91;100.78;112.96;;;268;305;307;;312;248;;332;339;391;384;;3.42;3.33;;4.58;7.75;9.15;;;2.34;4.38;19.13;22.94;;6.5;9.77;11.46
;;Feb 2013;;;95.31;99.23;101.45;116.05;;;302;326;317;;329;258;;367;374;411;397;;3.42;3.33;;4.54;7.78;9.23;;;2.34;4.39;19.7;23.84;;6.66;10.06;11.63
;;Mar 2013;;;92.94;99.11;101.23;108.47;;;299;308;298;;307;252;;371;378;407;388;;3.92;3.81;;4.59;7.77;9.35;;;2.35;4.3;19.38;23.87;;6.64;10.02;11.61
;;Apr 2013;;;92.02;96.45;99.5;102.25;;;285;297;279;;292;235;;357;364;393;370;;4.28;4.17;;4.95;8.15;10.43;;;2.37;4.67;20.23;22.96;;6.58;9.96;11.93
;;May 2013;;;94.51;98.5;100.17;102.56;;;295;296;271;;279;251;;361;368;387;360;;4.15;4.04;;5;8.71;12.61;;;2.37;4.62;19.53;22.6;;6.75;10.22;12.4
;;Jun 2013;;;95.77;97.17;98.67;102.92;;;288;292;274;;281;245;;363;369;385;357;;3.93;3.83;;4.9;9.07;15.02;;;2.36;4.42;19.67;22.37;;7.25;10.65;12.54
;;Jul 2013;;;104.67;101.56;103.85;107.93;;;294;302;289;;291;238;;359;366;387;360;;3.72;3.62;;4.47;9.04;16.3;;;2.31;4.2;18.76;23.1;;7.45;10.7;12.65
;;Aug 2013;;;106.57;104.16;106.2;111.28;;;289;308;295;;300;250;;357;364;390;365;;3.52;3.42;;4.31;9.04;16.43;;;2.33;3.91;18.59;23.24;;7.37;10.69;12.53
;;Sep 2013;;;106.29;103.49;105.7;111.6;;;279;310;297;;304;251;;353;360;396;369;;3.72;3.62;;4.36;8.8;15.69;;;2.35;4.08;18.92;23.55;;7.22;10.53;12.51
;;Oct 2013;;;100.54;97.84;100.41;109.08;;;263;301;296;;293;253;;334;342;388;368;;3.78;3.68;;4.36;8.28;12.38;;;2.34;4.11;19.71;22.85;;6.87;10.28;12.36
;;Nov 2013;;;93.86;90.36;93.32;107.79;;;254;295;291;;288;249;;324;332;384;368;;3.74;3.64;;4.62;7.94;10.04;;;2.33;4.19;18.85;22.74;;6.65;10.03;12.1
;;Dec 2013;;;97.63;90.57;94.32;110.76;;;258;300;301;;301;246;;328;336;388;377;;4.36;4.24;;4.97;7.81;9.14;;;2.34;4.91;19.67;22.81;;6.66;9.96;11.72
;;Jan 2014;;;94.62;89.71;93.58;108.12;;;260;298;306;;299;248;;331;339;389;390;;4.87;4.71;;5.69;8.11;9.26;;;2.29;7.02;19.65;23.12;;6.98;10.35;11.65
;;Feb 2014;;;100.82;96.1;99.36;108.9;;;270;309;305;;299;253;;336;343;398;407;;6.2;6;;6.63;8.69;9.77;;;2.32;7.4;20.05;23.97;;7.12;10.68;11.94
;;Mar 2014;;;100.8;97.13;100.09;107.48;;;286;303;298;;294;248;;353;361;400;395;;5.06;4.9;;6.47;9.35;10.7;;;2.36;6;20.61;23.83;;6.99;10.65;12.25
;;Apr 2014;;;102.07;97.33;100.15;107.75;;;298;303;291;;293;246;;366;374;396;383;;4.81;4.66;;5.85;9.49;11.76;;;2.39;5.07;20.88;22.82;;6.77;10.46;12.31
;;May 2014;;;102.18;98.46;100.61;109.54;;;295;299;288;;297;242;;367;375;394;382;;4.73;4.58;;5.74;9.7;13.6;;;2.4;4.93;19.98;22.77;;6.83;10.54;12.85
;;Jun 2014;;;105.79;100.26;102.51;111.8;;;300;297;288;;295;242;;369;377;391;378;;4.74;4.59;;5.46;9.94;16.13;;;2.38;4.84;20.38;22.72;;7.39;10.96;12.99
;;Jul 2014;;;103.59;98.75;101.22;106.77;;;286;292;283;;291;246;;361;369;388;375;;4.18;4.05;;5.43;10.06;17.23;;;2.38;4.43;20.57;22.36;;7.62;11.17;13.09
;;Aug 2014;;;96.53;93.23;95.61;101.61;;;276;290;278;;292;247;;349;356;384;371;;4.04;3.91;;4.96;9.67;17.41;;;2.37;4.12;19.89;21.94;;7.51;11.05;13.04
;;Sep 2014;;;93.21;89.38;92.26;97.09;;;267;281;270;;283;236;;341;348;379;364;;4.05;3.92;;5.02;9.39;16.27;;;2.37;4.2;18.64;21.38;;7.37;11.16;12.95
;;Oct 2014;;;84.4;82.75;84.99;87.42;;;233;264;248;;258;219;;317;325;368;352;;3.91;3.78;;5.03;8.97;13.11;;;2.31;4.1;17.19;20.09;;7.07;10.83;12.6
;;Nov 2014;;;75.79;74.34;75.66;79.44;;;211;256;237;;243;195;;291;300;365;338;;4.26;4.12;;5.02;8.29;10.19;;;2.3;4.48;14.64;19.68;;6.75;10.52;12.48
;;Dec 2014;;;59.29;57.36;60.7;62.34;;;163;198;205;;203;168;;254;263;341;314;;3.6;3.48;;5.62;8.53;10.01;;;2.51;4.36;12.1;16.5;;6.7;10.36;12.17
;;Jan 2015;;;47.22;44.74;47;47.76;;;137;162;167;;163;126;;212;221;300;281;;3.11;2.99;;4.9;8.15;9.5;;;2.29;4.11;12.28;13.37;;6.67;10.31;12.1
;;Feb 2015;;;50.58;47.18;48.92;58.1;;;164;186;185;;175;138;;222;230;286;286;;2.98;2.87;;4.74;7.81;9.08;;;2.26;4.7;10.3;16.46;;6.88;10.62;12.29
;;Mar 2015;;;47.82;47.22;47.99;55.88;;;177;182;185;;177;147;;246;255;290;302;;2.94;2.83;;4.46;7.85;9.28;;;2.26;3.55;10.37;15.6;;6.83;10.63;12.33
;;Apr 2015;;;54.45;51.62;53.51;59.52;;;184;181;174;;174;152;;247;255;278;276;;2.71;2.61;;3.96;8.03;10.43;;;2.23;3.1;11.83;14.82;;6.61;10.37;12.62
;;May 2015;;;59.27;57.51;58.65;64.08;;;208;197;185;;198;154;;272;280;289;279;;2.96;2.85;;3.58;8.13;12.73;;;2.26;3.14;10.83;15.34;;6.74;10.47;12.93
;;Jun 2015;;;59.82;58.89;60.12;61.48;;;212;188;181;;186;155;;280;288;287;274;;2.89;2.78;;3.76;8.52;15.07;;;2.25;3.12;12.2;15.29;;7.11;10.89;12.92
;;Jul 2015;;;50.9;52.42;53.4;56.56;;;207;173;165;;169;136;;279;288;279;265;;2.95;2.84;;3.74;8.49;16.28;;;2.21;3.11;11.34;14.37;;7.45;11.07;12.94
;;Aug 2015;;;42.87;43.23;44.97;46.52;;;184;156;146;;152;121;;264;273;260;244;;2.88;2.77;;3.79;8.46;16.88;;;2.23;3.11;11.25;13.05;;7.35;10.94;12.91
;;Sep 2015;;;45.48;41.12;44.38;47.62;;;161;155;144;;147;111;;237;246;251;238;;2.76;2.66;;3.65;8.43;16.4;;;2.22;3.06;8.44;12.02;;7.21;10.98;13.03
;;Oct 2015;;;46.22;42.03;44.77;48.43;;;156;157;141;;147;109;;229;239;252;235;;2.43;2.34;;3.54;7.79;12.6;;;2.15;2.92;7.74;12.44;;6.88;10.73;12.72
;;Nov 2015;;;42.44;39.05;41.43;44.27;;;143;146;136;;142;104;;216;226;247;230;;2.17;2.09;;3.28;7.39;10.02;;;2.15;2.65;7.77;12.38;;6.61;10.3;12.71
;;Dec 2015;;;37.19;33.16;35.63;38.01;;;136;118;113;;123;92;;204;214;231;211;;2;1.93;;3.48;7.23;9.27;;;2.16;2.59;7.81;10.57;;6.45;10.13;12.32
;;Jan 2016;;;31.68;27.48;29.99;30.7;;;119;102;98;;104;71;;195;206;214;197;;2.37;2.28;;3.62;6.75;8.28;;;2.12;3.02;7.08;8.9;;6.44;10.08;11.99
;;Feb 2016;;;30.32;26.66;28.53;32.18;;;105;104;95;;103;63;;176;187;200;192;;2.07;1.99;;3.58;6.86;8.36;;;2.11;2.7;5.77;8.78;;6.42;10.25;12.14
;;Mar 2016;;;37.55;32.24;33.82;38.21;;;134;119;107;;113;69;;197;207;209;195;;1.8;1.73;;3.02;7.08;9.19;;;2.17;2.23;5.63;9.46;;6.46;10.23;12.56
;;Apr 2016;;;40.75;35.9;37.71;41.58;;;148;125;111;;119;78;;211;222;215;199;;1.99;1.92;;3;6.98;9.65;;;2.16;2.42;7.53;9.97;;6.44;10.19;12.43
;;May 2016;;;46.71;40.88;42.88;46.74;;;161;143;129;;134;92;;227;237;231;210;;2;1.92;;2.9;7.32;11.62;;;2.16;2.39;9.07;10.76;;6.57;10.31;12.79
;;Jun 2016;;;48.76;44.13;45.96;48.25;;;164;153;140;;146;98;;237;247;242;216;;2.69;2.59;;2.89;7.72;14.43;;;2.1;2.67;8.93;12.22;;7.03;10.66;12.73
;;Jul 2016;;;44.65;41.48;43.26;44.95;;;149;143;131;;139;103;;224;235;240;213;;2.93;2.82;;3.57;8.14;16.56;;;2.11;2.97;11.72;12.08;;7.23;10.68;12.68
;;Aug 2016;;;44.72;41.21;42.7;45.84;;;151;144;131;;133;99;;218;228;235;207;;2.93;2.82;;3.59;8.3;17.6;;;2.11;2.95;8.55;11.41;;7.23;10.76;12.88
;;Sep 2016;;;45.18;40.86;42.73;46.57;;;151;147;134;;139;108;;222;233;239;212;;3.11;2.99;;3.74;8.28;16.78;;;2.12;3.07;8.42;11.29;;7.14;10.77;12.87
;;Oct 2016;;;49.77;44.76;46.85;49.52;;;157;159;144;;151;112;;225;236;245;229;;3.09;2.98;;3.87;7.96;13.74;;;2.07;3.13;8.75;12.04;;6.73;10.55;12.46
;;Nov 2016;;;45.66;41.8;44.06;44.73;;;143;147;139;;143;111;;218;230;244;226;;2.65;2.55;;3.86;7.67;10.77;;;2.08;3.02;9.03;12.01;;6.66;10.32;12.75
;;Dec 2016;;;51.97;46.72;48.66;53.29;;;159;161;151;;154;123;;225;237;251;239;;3.73;3.59;;4.27;7.27;9.06;;;2.08;3.96;9.65;12.22;;6.67;10.17;12.23
;;Jan 2017;;;52.5;48.12;49.99;54.58;;;163;164;156;;158;131;;235;246;258;248;;3.43;3.3;;4.85;7.58;9.32;;;2.09;4.11;11.25;13.02;;6.59;10.21;12.21
;;Feb 2017;;;53.47;49.38;51.24;54.87;;;163;164;155;;162;129;;230;242;257;247;;2.96;2.85;;4.53;7.89;10.01;;;2.06;3.56;10.77;12.98;;6.63;10.48;12.79
;;Mar 2017;;;49.33;46.53;48.65;51.59;;;163;158;150;;155;124;;233;244;255;245;;2.99;2.88;;3.92;7.68;9.86;;;2.07;3.35;11.42;12.35;;6.71;10.46;12.89
;;Apr 2017;;;51.06;47.47;49.47;52.31;;;172;163;150;;160;120;;242;253;258;244;;3.22;3.1;;4.11;8.04;11.34;;;2.08;3.38;10.64;13;;6.6;10.4;12.72
;;May 2017;;;48.48;47.21;48.47;50.33;;;167;155;145;;149;121;;239;250;256;238;;3.27;3.15;;4.02;8.31;13.25;;;2.09;3.48;10.69;12.22;;6.78;10.59;13.07
;;Jun 2017;;;45.18;44.03;45.25;46.37;;;157;147;138;;143;120;;235;246;251;228;;3.09;2.98;;4.05;8.75;16.06;;;2.07;3.29;10.48;11.56;;7.19;11.01;13.2
;;Jul 2017;;;46.63;44.76;46.27;48.48;;;162;153;139;;148;121;;230;241;250;222;;3.09;2.98;;3.92;8.81;17.86;;;2.06;3.21;9.99;11.82;;7.31;10.97;13.08
;;Aug 2017;;;48.04;47.62;48.22;51.7;;;171;168;152;;161;120;;238;249;260;229;;3.01;2.9;;3.78;8.76;18.22;;;2.05;3.13;10.03;12.95;;7.22;11.01;13.15
;;Sep 2017;;;49.82;50.46;50.78;56.15;;;183;185;167;;180;131;;265;276;278;248;;3.09;2.98;;3.83;8.52;16.92;;;2.02;3.16;10.06;14.52;;7.17;11.03;13.28
;;Oct 2017;;;51.58;51.4;52.67;57.51;;;173;185;170;;174;130;;251;262;279;252;;2.99;2.88;;3.78;7.97;13.39;;;2.03;3.13;10.61;14.11;;6.91;10.78;12.8
;;Nov 2017;;;56.64;56.3;57.75;62.71;;;181;194;178;;183;141;;256;268;291;263;;3.13;3.01;;3.84;7.51;10.14;;;2.04;3.35;10.28;14.61;;6.73;10.49;12.94
;;Dec 2017;;;57.88;57.44;59.53;64.37;;;172;192;184;;187;148;;248;259;291;270;;2.93;2.82;;4.19;7.42;9.29;;;2.04;3.63;13.6;14.63;;6.54;10.28;12.45
;;Jan 2018;;;63.7;59.71;63.25;69.08;;;185;204;199;;201;151;;255;267;302;290;;3.83;3.69;;4.46;7.4;8.9;;;2.06;5.06;11.45;16.07;;6.94;10.49;12.22
;;Feb 2018;;;62.23;58.03;61.74;65.32;;;182;197;189;;197;149;;259;270;305;286;;2.77;2.67;;4.85;7.74;9.63;;;2.07;3.61;11.46;15.19;;6.78;10.65;12.63
;;Mar 2018;;;62.73;56.82;60.81;66.02;;;189;195;185;;192;145;;259;271;299;283;;2.8;2.69;;4;7.71;9.76;;;2.04;3.18;12.1;15.02;;6.63;10.51;12.97
;;Apr 2018;;;66.25;61.24;64.41;72.11;;;205;210;198;;208;150;;276;287;310;288;;2.9;2.8;;3.89;7.65;10.05;;;2.07;3.14;12.2;16.19;;6.57;10.46;12.88
;;May 2018;;;69.98;65.89;68.91;76.97;;;221;226;214;;222;167;;290;299;324;313;;2.91;2.8;;3.8;8.34;13.52;;;2.04;3.06;12.83;16.73;;6.79;10.51;13.12
;;Jun 2018;;;67.87;66.82;68.35;74.41;;;214;220;209;;220;173;;289;297;325;313;;3.08;2.97;;3.77;8.58;16.47;;;2.04;3.13;13.81;16.59;;7.17;10.84;13.03
;;Jul 2018;;;70.98;66.62;70.29;74.25;;;215;219;208;;218;177;;285;293;323;322;;2.94;2.83;;3.75;8.84;17.85;;;2.05;3.23;13.76;16.21;;7.32;11;13.13
;;Aug 2018;;;68.06;65.48;67.68;72.53;;;212;220;211;;218;176;;284;291;322;323;;3.07;2.96;;3.67;8.69;18.56;;;2.06;3.28;14.38;16.93;;7.25;11.03;13.26
;;Sep 2018;;;70.23;66.7;69.29;78.89;;;214;228;221;;226;176;;284;291;326;328;;3.11;3;;3.75;8.57;17.23;;;2.05;3.12;13.91;17.39;;7.05;10.72;13.01
;;Oct 2018;;;70.75;67.79;70.99;81.03;;;209;238;228;;235;188;;286;294;337;338;;3.4;3.28;;4.03;7.69;12.22;;;2.04;3.43;14.52;17.76;;6.87;10.77;12.85
;;Nov 2018;;;56.96;54.4;59.01;64.75;;;173;213;210;;216;183;;265;274;330;329;;4.25;4.09;;4.51;7.34;9.42;;;2.06;4.18;15.25;16.39;;6.85;10.54;12.9
;;Dec 2018;;;49.52;42.8;48.83;57.36;;;151;179;180;;185;161;;237;246;312;295;;4.19;4.04;;5.47;7.7;9.62;;;2.11;4.72;13.56;14.54;;6.67;10.33;12.43
;;Jan 2019;;;51.38;49.71;52.29;59.41;;;148;179;181;;183;143;;225;234;298;293;;3.23;3.11;;5.02;7.67;9.36;;;2.1;4;11.3;14.12;;6.58;10.3;12.47
;;Feb 2019;;;54.95;56.66;57.62;63.96;;;162;195;191;;196;157;;231;239;300;303;;2.8;2.69;;4.62;7.54;9.4;;;2.07;3.63;12.28;15.19;;6.69;10.54;12.72
;;Mar 2019;;;58.15;61.14;61.64;66.14;;;188;202;196;;201;164;;252;259;308;305;;3.07;2.95;;4.31;7.4;9.42;;;2.08;3.46;13.68;15.7;;6.73;10.46;12.84
;;Apr 2019;;;63.86;65.42;66.51;71.23;;;214;210;199;;206;169;;280;288;312;310;;2.75;2.65;;3.99;7.72;10.85;;;2.07;2.89;13.89;16.35;;6.51;10.52;13.25
;;May 2019;;;60.83;65.03;65.11;71.32;;;211;211;199;;214;164;;286;295;316;303;;2.74;2.64;;3.64;8.06;12.76;;;2.05;2.77;13.47;16.19;;6.69;10.54;13.31
;;Jun 2019;;;54.66;58.16;59.16;64.22;;;191;187;182;;191;160;;272;280;309;295;;2.49;2.4;;3.55;8.29;15.6;;;2.03;2.58;12.92;14.85;;6.87;10.9;13.32
;;Jul 2019;;;57.35;59.18;60.53;63.92;;;198;194;185;;197;163;;274;282;305;293;;2.46;2.37;;3.33;8.47;17.74;;;2.02;2.54;12.93;15.1;;7.14;11.02;13.26
;;Aug 2019;;;54.8;55.41;56.9;59.04;;;182;187;180;;190;147;;262;271;301;287;;2.31;2.22;;3.18;8.41;18.37;;;2;2.42;13.72;14.82;;7.4;11.02;13.3
;;Sep 2019;;;56.95;57.31;58.6;62.83;;;185;196;190;;194;156;;259;268;302;289;;2.66;2.56;;3.35;8.34;17.61;;;1.96;2.59;11.53;15.04;;7.06;10.96;13.16
;;Oct 2019;;;53.96;54.44;55.85;59.71;;;187;198;193;;197;154;;263;272;305;301;;2.42;2.33;;3.43;7.63;12.5;;;1.96;2.49;12.65;15.37;;6.84;10.74;12.81
;;Nov 2019;;;57.03;55.27;57.88;63.21;;;182;197;188;;198;159;;260;269;307;298;;2.76;2.65;;3.86;6.98;9.33;;;1.96;2.96;12.05;15.28;;6.72;10.57;13.03
;;Dec 2019;;;59.88;56.85;60.27;67.31;;;176;194;192;;198;175;;256;265;306;304;;2.31;2.22;;3.84;7.19;9.3;;;1.91;2.91;12.85;14.73;;6.38;10.32;12.68
;;Jan 2020;;;57.52;53.87;57.92;63.65;;;174;186;186;;196;194;;255;264;305;305;;2.1;2.02;;3.7;7.24;9.43;;;1.94;2.62;13.16;14.62;;6.37;10.18;12.76
;;Feb 2020;;;50.54;47.39;51.37;55.66;;;167;167;163;;167;174;;244;253;291;281;;1.98;1.91;;3.58;7.03;9.19;;;1.9;2.4;12.68;13.83;;6.44;10.3;12.82
;;Mar 2020;;;29.21;28.5;32.55;32.01;;;113;128;124;;126;137;;223;233;273;241;;1.86;1.79;;3.38;7.29;9.8;;;1.93;2.14;10.29;10.85;;6.39;10.34;13.04
;;Apr 2020;;;16.55;16.74;19.32;18.38;;;65;91;87;;74;98;;184;194;249;204;;1.81;1.74;;2.99;7.24;10.42;;;1.92;2.1;8.2;8.83;;6.39;10.37;13.24
;;May 2020;;;28.56;22.56;23.55;29.38;;;105;88;80;;73;82;;187;196;239;191;;1.82;1.75;;2.9;7.73;11.79;;;1.89;2.17;5.7;7.42;;6.54;10.4;13.1
;;Jun 2020;;;38.31;36.14;36.8;40.27;;;131;114;100;;105;95;;208;217;241;206;;1.69;1.63;;2.71;8.24;15.33;;;1.9;2.03;6.26;9.14;;6.94;10.89;13.22
;;Jul 2020;;;40.71;39.33;40.08;43.24;;;138;125;115;;118;107;;218;227;243;213;;1.84;1.77;;2.57;8.49;17.49;;;1.91;2.06;7.38;10.96;;7.16;10.84;13.21
;;Aug 2020;;;42.34;41.72;42.42;44.74;;;139;128;118;;119;122;;218;227;243;216;;2.39;2.3;;2.84;8.48;18.27;;;1.94;2.41;9.67;10.7;;7.07;10.9;13.26
;;Sep 2020;;;39.63;38.73;39.81;40.91;;;135;120;109;;111;120;;218;227;241;212;;2;1.92;;3.29;8.45;16.85;;;1.94;2.42;9.56;9.87;;7;11.02;13.49
;;Oct 2020;;;39.4;37.81;39.21;40.19;;;131;122;109;;113;115;;216;225;239;214;;2.48;2.39;;3.28;7.59;12.26;;;1.91;2.5;8.68;10.37;;6.72;10.72;13.66
;;Nov 2020;;;40.94;39.15;40.68;42.69;;;129;132;116;;122;115;;211;220;243;221;;2.71;2.61;;3.98;7.64;10.99;;;1.91;3;8.86;10.63;;6.49;10.53;13.31
;;Dec 2020;;;47.02;45.34;46.2;49.99;;;139;148;134;;140;129;;220;228;258;242;;2.69;2.59;;4.1;7.39;9.75;;;1.92;3.17;9.21;11.54;;6.41;10.41;12.78
;;Jan 2021;;;52;49.6;51.39;54.77;;;158;158;148;;149;146;;233;242;268;255;;2.82;2.71;;4.07;7.41;9.68;;;1.91;3.19;10.33;12.16;;6.39;10.31;12.69
;;Feb 2021;;;59.04;55.71;58.41;62.28;;;178;181;167;;164;162;;250;259;285;279;;5.56;5.35;;9.33;7.35;9.31;;;1.93;15.52;11.37;13.71;;7.9;11.51;13.35
;;Mar 2021;;;62.33;59.84;61.97;65.41;;;201;196;173;;176;177;;281;290;315;287;;2.72;2.62;;4.4;7.99;10.51;;;1.9;3.26;12.41;14.39;;7.05;11.17;13.3
;;Apr 2021;;;61.72;60.88;62.4;64.81;;;206;191;170;;172;176;;286;295;313;279;;2.77;2.66;;4;8.4;12.25;;;1.9;3.01;12.81;14.76;;6.76;10.93;13.76
;;May 2021;;;65.17;63.81;65.15;68.53;;;218;207;181;;182;176;;299;308;322;283;;3.02;2.91;;4.12;8.96;14.13;;;1.9;3.24;12.82;15.09;;6.71;10.9;13.89
;;Jun 2021;;;71.38;68.86;70.55;73.16;;;225;215;193;;191;187;;306;316;329;295;;3.39;3.26;;4.15;9.57;17.73;;;1.96;3.45;13.56;15.73;;7.28;11.34;13.85
;;Jul 2021;;;72.49;69.91;71.98;75.17;;;234;218;193;;198;197;;314;323;334;298;;3.99;3.84;;4.73;9.89;19.94;;;2.01;3.98;14.34;16;;7.52;11.51;13.87
;;Aug 2021;;;67.73;65.72;67.89;70.75;;;230;215;189;;197;190;;316;326;335;293;;4.23;4.07;;5.02;10.19;20.99;;;2.06;4.3;14.47;16.03;;7.64;11.56;13.95
;;Sep 2021;;;71.65;69.27;71.1;74.49;;;231;224;204;;203;195;;318;327;338;300;;5.36;5.16;;5.57;10.27;20.24;;;2.01;4.92;13.8;16.61;;7.69;11.7;14.19
;;Oct 2021;;;81.48;75.94;78.83;83.54;;;249;250;236;;230;209;;329;338;361;342;;5.72;5.51;;6.84;10.45;17.49;;;2.03;5.58;14.97;18.28;;7.53;11.56;14.09
;;Nov 2021;;;79.15;76.61;78.47;81.05;;;248;245;227;;231;214;;339;349;373;351;;5.25;5.05;;7.03;10.1;13.3;;;2.04;5.69;17.03;18.14;;7.46;11.34;14.11
;;Dec 2021;;;71.71;68.22;71.98;74.17;;;230;227;211;;217;209;;331;341;364;344;;3.91;3.76;;6.74;10.34;13.12;;;2.08;4.98;16.35;17.71;;7.16;11.2;13.75
;;Jan 2022;;;83.22;76.93;80.19;86.51;;;242;255;244;;245;216;;331;341;372;378;;4.55;4.38;;6.65;9.76;12.04;;;2.21;5.85;15.74;19.94;;7.3;11.36;13.72
;;Feb 2022;;;91.64;87.48;90.12;97.13;;;264;283;274;;265;243;;352;361;403;406;;4.87;4.69;;7.53;10.04;12.17;;;2.18;6.03;16.76;20.8;;7.46;11.78;13.83
;;Mar 2022;;;108.5;103.32;106.11;117.25;;;323;358;348;;333;287;;422;432;510;493;;5.09;4.9;;6.32;10.25;12.98;;;2.16;5.11;20.61;25.67;;7.5;11.77;14.47
;;Apr 2022;;;101.78;99.79;104.19;104.58;;;326;396;387;;394;257;;411;421;512;514;;6.85;6.59;;6.23;10.16;13.53;;;2.19;6.23;25.37;28.38;;7.83;11.92;14.77
;;May 2022;;;109.55;107.05;108.05;113.38;;;387;423;449;;395;258;;444;455;557;597;;8.46;8.14;;8.18;11.2;16.38;;;2.11;8.09;22.97;30.99;;7.51;11.59;14.62
;;Jun 2022;;;114.84;112.34;113.34;122.71;;;413;435;418;;411;266;;493;503;575;564;;8;7.7;;8.82;12.11;19.44;;;2.11;7.66;23.41;32.51;;7.87;11.92;14.49
;;Jul 2022;;;102;99.5;100.5;108;;;349;375;362;;354;247;;437;449;508;511;;6.16;5.93;;8.04;12.43;21.1;;;2.04;6;23.05;29.57;;7.79;12.09;14.5
;;Aug 2022;;;98.5;96;97;104;;;338;359;348;;337;239;;423;435;487;489;;6.21;5.98;;7.12;12.22;21.48;;;2.03;6.11;21.38;27.59;;7.85;12.06;14.63
;;Sep 2022;;;96;93.25;94.25;101;;;322;346;336;;317;229;;405;417;453;472;;6.15;5.92;;7.15;11.89;20.3;;;2.07;6.04;20.17;26.36;;7.8;12.2;14.9
;;Oct 2022;;;94;91.25;92.25;99;;;300;329;317;;301;221;;387;400;434;453;;6.14;5.91;;7.17;11.27;16.69;;;2;6.08;19.23;25.17;;7.51;12.05;14.73
;;Nov 2022;;;92.5;89.75;90.75;97;;;289;320;308;;313;219;;375;388;427;440;;6.21;5.98;;7.38;10.92;13.97;;;2.03;6.25;18.62;24.82;;7.43;11.85;14.83
;;Dec 2022;;;90.5;87.75;88.75;95;;;275;315;302;;302;215;;362;375;417;431;;6.35;6.11;;7.81;10.82;13.04;;;2.04;6.56;18.65;24.18;;7.31;11.63;14.13
;;Jan 2023;;;91;88.25;89.25;95;;;269;296;287;;285;225;;353;366;415;416;;6.48;6.24;;7.91;10.72;12.74;;;1.98;6.81;18.15;22.93;;7.39;11.82;14.14
;;Feb 2023;;;91;88.25;89.25;95;;;270;288;280;;283;229;;353;366;406;406;;6.36;6.12;;7.98;10.74;12.79;;;1.97;6.66;17.49;22.29;;7.5;12.22;14.36
;;Mar 2023;;;91;88.25;89.25;95;;;277;290;277;;285;227;;356;369;410;398;;5.76;5.54;;7.48;10.86;13.35;;;1.99;5.88;17.69;22.42;;7.52;12;14.96
;;Apr 2023;;;90;87.25;88.25;94;;;283;287;272;;278;223;;365;378;408;387;;4.43;4.26;;6.56;10.8;14.05;;;2.02;4.51;18.26;22.01;;7.62;12.1;15.33
;;May 2023;;;90;87.25;88.25;94;;;282;285;268;;277;224;;364;378;409;378;;4.42;4.25;;5.61;10.76;15.8;;;2.02;4.42;17.71;21.7;;7.19;11.7;15.05
;;Jun 2023;;;90;87.25;88.25;94;;;282;286;270;;278;225;;363;377;402;375;;4.42;4.25;;5.46;10.83;18.16;;;1.98;4.31;18.04;21.92;;7.49;12.04;14.83
;;Jul 2023;;;89;86.25;87.25;93;;;278;283;268;;276;222;;360;374;400;368;;4.57;4.4;;5.48;10.7;19.41;;;1.99;4.5;17.54;21.87;;7.65;12.13;14.69
;;Aug 2023;;;89;86.25;87.25;93;;;281;288;273;;279;225;;362;376;404;369;;4.57;4.4;;5.52;10.55;19.95;;;2;4.53;17.09;21.75;;7.69;12.05;14.69
;;Sep 2023;;;89;86.25;87.25;93;;;274;285;271;;279;223;;359;372;403;365;;4.5;4.33;;5.41;10.25;18.83;;;1.99;4.46;16.81;21.53;;7.6;12.1;14.88
;;Oct 2023;;;89;86.25;87.25;93;;;267;289;279;;281;221;;351;365;406;373;;4.51;4.34;;5.48;9.64;15.22;;;1.97;4.52;16.73;21.8;;7.32;11.89;14.59
;;Nov 2023;;;89;86.25;87.25;93;;;270;289;278;;282;224;;351;365;411;373;;4.62;4.45;;5.71;9.31;12.45;;;1.97;4.73;16.75;22.29;;7.24;11.61;14.73
;;Dec 2023;;;89;86.25;87.25;93;;;267;288;278;;284;224;;349;364;414;373;;4.7;4.52;;6.19;9.22;11.49;;;1.98;4.95;17.22;22.06;;7.15;11.35;14
