source key;;;PAPR_OECD;PAPR_US;PAPR_CA;PAPR_MX;PAPR_OTHEROECD;PAPR_NONOECD;PAPR_OPEC;COPR_OPEC;OPEC_NC;PAPR_FSU;PAPR_CH;PAPR_OTHER_NONOECD;PAPR_WORLD;;PAPR_NONOPEC;;PATC_OECD;PATC_US;PATC_UST;PATC_CA;PATC_OECD_EUROPE;PATC_JA;PATC_OTHER_OECD;PATC_NON_OECD;PATC_FSU;PATC_NONOECD_EUROPE;PATC_CH;PATC_OTHER_ASIA;PATC_OTHER_NONOECD;PATC_WORLD;;T3_STCHANGE_US;T3_STCHANGE_OOECD;T3_STCHANGE_NOECD;T3_STCHANGE_WORLD;;PASC_US;PASC_OECD_T3
Jan 1997;;;23.46;9.23;2.64;3.32;8.26;49.98;28.25;25.71;2.53;7.09;3.29;11.35;73.43;;45.19;;48.27;18.56;0.18;1.83;15.66;6.22;5.82;25.65;3.99;0.7;3.47;6.65;10.83;73.91;;0.22;--;--;0.48;;937;--
Feb 1997;;;23.74;9.52;2.67;3.36;8.19;50.21;28.51;25.96;2.55;7.02;3.32;11.36;73.96;;45.45;;48.33;18.4;0.16;1.86;15.52;6.67;5.73;25.65;3.99;0.7;3.47;6.65;10.83;73.97;;0.68;--;--;0.02;;918;--
Mar 1997;;;23.48;9.42;2.66;3.37;8.03;50.45;28.72;26.16;2.56;7.07;3.3;11.36;73.93;;45.21;;46.01;17.86;0.17;1.77;14.56;6.08;5.57;25.65;3.99;0.7;3.47;6.65;10.83;71.66;;-0.96;--;--;-2.27;;948;--
Apr 1997;;;23.48;9.41;2.53;3.32;8.21;50.92;28.97;26.4;2.57;7.21;3.31;11.42;74.39;;45.42;;46.91;18.56;0.17;1.73;15.68;5.25;5.53;25.66;3.72;0.66;3.55;6.71;11.02;72.58;;-0.2;--;--;-1.81;;954;--
May 1997;;;23.08;9.5;2.43;3.38;7.77;50.67;28.71;26.14;2.57;7.22;3.36;11.38;73.75;;45.05;;45.02;18.29;0.18;1.83;14.45;5.03;5.25;25.66;3.72;0.66;3.55;6.71;11.02;70.68;;-1.4;--;--;-3.07;;998;--
Jun 1997;;;22.79;9.46;2.53;3.39;7.4;50.16;28.28;25.72;2.56;7.22;3.3;11.36;72.95;;44.67;;46.26;18.62;0.15;1.9;15.4;5.08;5.11;25.66;3.72;0.66;3.55;6.71;11.02;71.92;;-0.46;--;--;-1.03;;1011;--
Jul 1997;;;23.39;9.47;2.59;3.42;7.91;50.07;28.3;25.74;2.56;7.24;3.27;11.26;73.46;;45.16;;47.55;19.11;0.17;2;15.67;5.4;5.21;25.61;3.64;0.62;3.62;6.55;11.18;73.15;;0.51;--;--;-0.3;;996;--
Aug 1997;;;23.06;9.41;2.62;3.46;7.57;51.3;29.44;26.86;2.57;7.27;3.27;11.32;74.37;;44.93;;45.94;18.57;0.15;1.97;14.46;5.35;5.45;25.61;3.64;0.62;3.62;6.55;11.18;71.55;;-0.36;--;--;-2.82;;1007;--
Sep 1997;;;23.51;9.56;2.66;3.54;7.75;51.3;29.44;26.87;2.57;7.28;3.28;11.29;74.81;;45.37;;47.48;18.56;0.17;1.88;16.03;5.37;5.48;25.61;3.64;0.62;3.62;6.55;11.18;73.08;;-0.74;--;--;-1.73;;1029;--
Oct 1997;;;23.9;9.52;2.71;3.51;8.16;51.43;29.59;27.01;2.57;7.28;3.28;11.28;75.33;;45.74;;48.18;19.07;0.16;1.93;16.01;5.36;5.65;26.33;3.83;0.66;3.9;6.74;11.2;74.51;;-0.18;--;--;-0.82;;1034;--
Nov 1997;;;23.84;9.46;2.73;3.5;8.15;51.33;29.35;26.78;2.57;7.27;3.24;11.47;75.17;;45.82;;47.48;18.58;0.16;1.84;15.44;5.68;5.79;26.33;3.83;0.66;3.9;6.74;11.2;73.81;;-0.06;--;--;-1.36;;1036;--
Dec 1997;;;24.09;9.57;2.75;3.49;8.28;50.97;29;26.42;2.58;7.21;3.17;11.58;75.06;;46.06;;49.93;19.25;0.18;1.9;15.94;6.4;6.26;26.33;3.83;0.66;3.9;6.74;11.2;76.26;;1.28;--;--;1.2;;996;--
Jan 1998;;;23.96;9.63;2.65;3.48;8.21;52.53;30.12;27.44;2.68;7.3;3.34;11.77;76.49;;46.37;;46.95;18.36;0.15;1.84;15.21;6.06;5.32;26.17;3.83;0.7;3.92;6.55;11.18;73.12;;-0.32;--;--;-3.37;;1006;--
Feb 1998;;;23.95;9.55;2.69;3.57;8.14;52.94;30.57;27.89;2.68;7.32;3.26;11.79;76.9;;46.32;;48.37;18.32;0.15;1.9;16.07;6.41;5.52;26.17;3.83;0.7;3.92;6.55;11.18;74.55;;0.04;--;--;-2.35;;1005;--
Mar 1998;;;23.75;9.44;2.67;3.59;8.05;52.96;30.56;27.88;2.68;7.28;3.27;11.85;76.71;;46.15;;48.17;18.68;0.2;1.85;16.1;5.86;5.48;26.17;3.83;0.7;3.92;6.55;11.18;74.35;;-0.59;--;--;-2.36;;1024;--
Apr 1998;;;23.95;9.56;2.7;3.57;8.12;52.65;30.47;27.8;2.67;7.18;3.24;11.75;76.6;;46.13;;46.43;19.05;0.12;1.78;15.18;5.04;5.26;26.37;3.57;0.65;4.1;6.71;11.34;72.8;;-0.9;--;--;-3.8;;1051;--
May 1998;;;23.34;9.43;2.59;3.59;7.74;52.63;30.4;27.74;2.67;7.08;3.31;11.83;75.97;;45.57;;44.42;18.37;0.17;1.72;14.33;4.76;5.06;26.37;3.57;0.65;4.1;6.71;11.34;70.79;;-1.22;--;--;-5.18;;1089;--
Jun 1998;;;23.38;9.33;2.61;3.48;7.96;52.28;29.86;27.22;2.64;7.24;3.36;11.82;75.66;;45.8;;47.11;19.18;0.16;1.83;15.69;4.97;5.28;26.37;3.57;0.65;4.1;6.71;11.34;73.48;;0.04;--;--;-2.18;;1087;--
Jul 1998;;;23.19;9.02;2.76;3.51;7.89;52.02;29.73;27.1;2.63;7.23;3.3;11.76;75.21;;45.48;;47.75;19.47;0.15;1.84;15.81;5.27;5.2;26.24;3.5;0.61;3.99;6.62;11.52;73.98;;-0.35;--;--;-1.23;;1098;--
Aug 1998;;;22.74;9.24;2.75;3.53;7.24;51.75;29.45;26.83;2.62;7.22;3.28;11.8;74.5;;45.05;;46.77;19.34;0.17;1.88;14.98;5.24;5.17;26.24;3.5;0.61;3.99;6.62;11.52;73.01;;-0.24;--;--;-1.49;;1105;--
Sep 1998;;;22.64;8.76;2.76;3.35;7.77;51.88;29.54;26.91;2.62;7.25;3.32;11.77;74.52;;44.98;;47.19;18.9;0.14;1.94;15.92;5.05;5.24;26.24;3.5;0.61;3.99;6.62;11.52;73.42;;0.55;--;--;-1.09;;1089;--
Oct 1998;;;22.85;9.13;2.76;3.21;7.74;51.84;29.4;26.78;2.62;7.3;3.25;11.89;74.68;;45.28;;47.49;19.19;0.19;1.98;15.78;5.04;5.31;27.1;3.68;0.66;4.46;6.84;11.46;74.59;;0.1;--;--;-0.1;;1085;--
Nov 1998;;;23.41;9.27;2.74;3.59;7.81;52.27;29.67;27.05;2.62;7.26;3.34;12;75.68;;46.01;;48.31;18.67;0.17;1.92;16.39;5.57;5.6;27.1;3.68;0.66;4.46;6.84;11.46;75.41;;-0.75;--;--;-0.27;;1103;--
Dec 1998;;;23.28;9;2.74;3.56;7.98;52.09;29.41;26.79;2.62;7.37;3.32;12;75.37;;45.96;;50.35;19.42;0.13;1.9;16.61;6.34;5.95;27.1;3.68;0.66;4.46;6.84;11.46;77.45;;0.8;--;--;2.08;;1076;--
Jan 1999;;;23.01;8.85;2.63;3.61;7.92;52.65;29.64;26.9;2.74;7.49;3.34;12.17;75.66;;46.02;;47.62;19.03;0.15;1.89;15.09;5.83;5.63;26.91;3.82;0.64;4.24;6.97;11.23;74.52;;0.16;--;--;-1.14;;1070;--
Feb 1999;;;23.05;8.92;2.6;3.5;8.02;53.05;30.16;27.42;2.75;7.41;3.35;12.13;76.1;;45.94;;50.14;19.11;0.15;1.97;16.72;6.41;5.78;27.11;3.82;0.64;4.24;7.18;11.23;77.25;;0.24;--;--;1.15;;1063;--
Mar 1999;;;22.7;8.77;2.54;3.53;7.86;52.99;29.93;27.17;2.76;7.56;3.33;12.17;75.69;;45.76;;50.59;19.5;0.21;1.91;16.93;6.14;5.91;27.03;3.82;0.64;4.24;7.09;11.23;77.62;;0.49;--;--;1.93;;1048;--
Apr 1999;;;22.66;8.88;2.53;3.36;7.89;51.62;28.68;25.98;2.7;7.56;3.3;12.08;74.28;;45.6;;46.86;19.15;0.13;1.84;14.93;5.38;5.43;27.18;3.57;0.6;4.48;7.22;11.31;74.04;;-0.13;--;--;-0.24;;1052;--
May 1999;;;22.62;8.92;2.61;3.39;7.7;51.49;28.62;25.91;2.7;7.58;3.3;12;74.11;;45.49;;44.9;18.71;0.17;1.9;14.17;4.84;5.12;27.14;3.57;0.6;4.48;7.18;11.31;72.04;;-1.08;--;--;-2.06;;1084;--
Jun 1999;;;22.06;8.88;2.62;3.25;7.31;50.99;28.1;25.4;2.69;7.57;3.3;12.02;73.05;;44.95;;47.71;19.83;0.16;1.95;15.32;5.02;5.41;27.19;3.57;0.6;4.48;7.23;11.31;74.9;;0.51;--;--;1.85;;1068;--
Jul 1999;;;22.93;8.88;2.69;3.37;7.99;51.74;28.64;25.94;2.69;7.71;3.37;12.02;74.67;;46.03;;47.5;19.82;0.16;2;15.02;5.14;5.36;26.95;3.5;0.56;4.2;7.21;11.49;74.45;;-0.04;--;--;-0.22;;1068;--
Aug 1999;;;22.65;8.97;2.65;3.28;7.77;51.94;28.89;26.18;2.71;7.7;3.28;12.08;74.6;;45.71;;47.7;20.09;0.17;1.99;14.76;5.33;5.35;26.87;3.5;0.56;4.2;7.12;11.49;74.57;;0.71;--;--;-0.03;;1047;--
Sep 1999;;;22.72;9.05;2.56;3.28;7.83;51.99;28.91;26.2;2.71;7.7;3.26;12.12;74.71;;45.8;;48.2;19.49;0.15;2.05;15.61;5.41;5.49;26.97;3.5;0.56;4.2;7.23;11.49;75.17;;0.23;--;--;0.46;;1039;--
Oct 1999;;;23.21;9.26;2.62;3.19;8.14;52.1;28.99;26.27;2.72;7.72;3.29;12.11;75.31;;46.33;;48.08;19.87;0.2;1.94;15.5;5.14;5.43;27.45;3.68;0.6;4.51;7.22;11.44;75.53;;0.96;--;--;0.22;;1013;--
Nov 1999;;;23.73;9.21;2.75;3.29;8.47;51.59;28.45;25.73;2.72;7.72;3.36;12.06;75.31;;46.86;;49.12;19.09;0.17;2.02;16.34;5.79;5.72;27.62;3.68;0.6;4.51;7.39;11.44;76.74;;0.49;--;--;1.43;;1001;--
Dec 1999;;;23.86;9.32;2.78;3.22;8.54;50.77;27.57;24.86;2.72;7.81;3.34;12.05;74.62;;47.05;;51.9;20.5;0.14;1.89;16.45;6.8;6.12;27.63;3.68;0.6;4.51;7.4;11.44;79.53;;2.5;--;--;4.91;;926;--
Jan 2000;;;23.59;9.03;2.76;3.51;8.3;52.08;28.77;26.01;2.76;7.9;3.39;12.02;75.67;;46.9;;47.23;19.03;0.29;1.76;14.88;5.46;5.82;28.29;3.74;0.69;4.63;7.48;11.74;75.51;;0.5;--;--;-0.16;;909;--
Feb 2000;;;23.58;9.13;2.76;3.36;8.33;52.68;29.43;26.68;2.76;7.91;3.42;11.92;76.25;;46.82;;50.23;19.63;0.28;2.01;15.89;6.4;6.01;28.77;3.74;0.69;4.63;7.7;12.02;79;;0.39;--;--;2.75;;897;--
Mar 2000;;;23.6;9.24;2.66;3.44;8.26;52.7;29.37;26.61;2.76;7.99;3.42;11.93;76.3;;46.94;;49.36;19.22;0.39;1.85;15.71;6.26;5.93;28.53;3.74;0.69;4.63;7.62;11.85;77.89;;-0.33;--;--;1.58;;907;--
Apr 2000;;;23.22;9.16;2.63;3.48;7.95;53.71;30.3;27.52;2.79;7.97;3.44;12;76.92;;46.62;;46.29;18.82;0.23;1.74;14.73;5.15;5.62;28.13;3.49;0.65;4.45;7.64;11.92;74.42;;-0.97;--;--;-2.5;;936;--
May 2000;;;23.14;9.14;2.77;3.49;7.74;54.32;30.84;28.05;2.79;8.01;3.39;12.08;77.47;;46.62;;47.34;19.61;0.32;1.97;14.89;4.83;5.72;28.22;3.49;0.65;4.45;7.72;11.91;75.56;;-0.4;--;--;-1.91;;948;--
Jun 2000;;;23.15;9.08;2.76;3.51;7.79;54.07;30.44;27.64;2.8;8.05;3.43;12.15;77.22;;46.78;;47.96;20.05;0.3;1.94;15.2;4.84;5.62;28.27;3.49;0.65;4.45;7.62;12.07;76.23;;-0.27;--;--;-0.99;;957;--
Jul 2000;;;23.26;8.98;2.74;3.31;8.23;54.51;30.72;27.91;2.81;8.14;3.42;12.23;77.77;;47.05;;47.25;19.7;0.29;1.89;14.86;5.19;5.32;28.54;3.42;0.61;4.95;7.52;12.04;75.79;;-0.44;--;--;-1.98;;969;--
Aug 2000;;;23.03;9.02;2.73;3.6;7.69;55.64;31.74;28.88;2.86;8.23;3.34;12.32;78.67;;46.93;;49.83;20.49;0.32;1.97;15.9;5.44;5.7;28.7;3.42;0.61;4.95;7.57;12.16;78.53;;0.25;--;--;-0.13;;960;--
Sep 2000;;;23.05;9.06;2.79;3.64;7.56;55.81;31.73;28.85;2.88;8.33;3.36;12.39;78.86;;47.13;;48.93;19.9;0.27;2;15.76;5.39;5.62;28.85;3.42;0.61;4.95;7.73;12.14;77.78;;0.16;--;--;-1.09;;957;--
Oct 2000;;;22.99;9.08;2.76;3.28;7.87;56.24;31.99;29.12;2.87;8.46;3.35;12.44;79.23;;47.24;;48.38;19.8;0.37;1.98;15.84;4.97;5.42;28.58;3.59;0.65;4.72;7.58;12.04;76.96;;0.65;--;--;-2.27;;942;--
Nov 2000;;;23.49;9.09;2.83;3.4;8.18;56.42;31.94;29.07;2.87;8.51;3.35;12.63;79.92;;47.98;;48.84;19.33;0.32;2.04;15.82;5.54;5.78;28.88;3.59;0.65;4.72;7.83;12.09;77.72;;0.04;--;--;-2.2;;958;--
Dec 2000;;;23.24;8.72;2.85;3.49;8.18;55.03;30.5;27.64;2.86;8.55;3.35;12.63;78.27;;47.77;;50.59;20.82;0.25;1.98;15.55;6.17;5.83;28.7;3.59;0.65;4.72;7.78;11.95;79.29;;1.22;--;--;1.02;;927;--
Jan 2001;;;23.07;8.45;2.79;3.55;8.28;55.25;30.93;27.82;3.12;8.54;3.36;12.41;78.32;;47.38;;49.87;20.09;0.33;2.01;15.54;5.99;5.91;29.01;3.75;0.75;4.6;7.72;12.19;78.88;;-0.35;--;--;0.56;;937;--
Feb 2001;;;23.27;8.82;2.88;3.57;7.99;54.93;30.51;27.43;3.08;8.67;3.47;12.28;78.2;;47.69;;49.78;19.69;0.32;2.04;15.54;6.32;5.86;29.06;3.75;0.75;4.6;7.75;12.21;78.83;;0.2;--;--;0.64;;931;--
Mar 2001;;;23.61;8.98;2.89;3.59;8.15;55.32;31.18;28.09;3.08;8.51;3.52;12.11;78.92;;47.75;;49.38;19.87;0.45;1.9;15.49;5.81;5.86;29.21;3.75;0.75;4.6;7.78;12.32;78.59;;-0.36;--;--;-0.33;;942;--
Apr 2001;;;23.42;8.97;2.84;3.46;8.16;54.49;30.48;27.42;3.05;8.56;3.45;12.01;77.91;;47.44;;47.25;19.73;0.27;1.82;14.96;5.07;5.4;29.31;3.5;0.7;5.1;7.72;12.28;76.56;;-1.25;--;--;-1.35;;979;--
May 2001;;;23.06;9.06;2.78;3.46;7.76;54.23;30.23;27.18;3.05;8.62;3.45;11.93;77.29;;47.06;;47.3;19.5;0.37;1.94;15.08;4.86;5.54;29.42;3.5;0.7;5.1;7.78;12.32;76.72;;-1.09;--;--;-0.57;;1012;--
Jun 2001;;;22.8;8.94;2.75;3.59;7.52;52.92;28.75;25.68;3.06;8.66;3.46;12.05;75.72;;46.97;;47.41;19.56;0.35;1.93;15.19;4.8;5.59;29.5;3.5;0.7;5.1;7.79;12.41;76.92;;-0.26;--;--;1.2;;1020;--
Jul 2001;;;23.33;8.97;2.69;3.64;8.04;54.38;29.99;26.91;3.09;8.85;3.41;12.13;77.7;;47.71;;48.31;19.92;0.34;1.94;15.65;5.08;5.37;28.74;3.43;0.66;4.64;7.58;12.44;77.05;;-0.17;--;--;-0.65;;1025;--
Aug 2001;;;22.93;8.92;2.73;3.63;7.65;54.94;30.49;27.41;3.09;8.81;3.45;12.18;77.86;;47.37;;49.09;20.15;0.37;2.1;15.77;5.16;5.54;28.91;3.43;0.66;4.64;7.64;12.54;78;;0.65;--;--;0.14;;1005;--
Sep 2001;;;23.36;9;2.79;3.63;7.95;54.06;29.64;26.61;3.03;8.83;3.43;12.17;77.43;;47.79;;47.68;19.02;0.31;1.85;16.12;4.91;5.47;28.98;3.43;0.66;4.64;7.78;12.47;76.66;;-1.02;--;--;-0.77;;1034;--
Oct 2001;;;23.6;9.13;2.86;3.42;8.19;53.83;29.58;26.57;3.01;8.91;3.46;11.89;77.43;;47.85;;48.4;19.82;0.43;1.97;15.86;4.89;5.42;29.48;3.61;0.71;4.91;7.78;12.47;77.88;;0.06;--;--;0.45;;1032;--
Nov 2001;;;23.87;9.24;2.93;3.58;8.11;54.07;29.49;26.47;3.01;9.1;3.46;12.03;77.94;;48.45;;49.13;19.4;0.37;2.02;16.18;5.43;5.73;29.53;3.61;0.71;4.91;7.91;12.4;78.66;;-0.36;--;--;0.72;;1040;--
Dec 2001;;;24.01;9.02;2.89;3.72;8.38;53.19;28.6;25.58;3.02;9.01;3.42;12.16;77.2;;48.6;;49.07;19;0.29;1.89;15.71;6.13;6.04;29.38;3.61;0.71;4.91;7.9;12.25;78.44;;0.05;--;--;1.25;;1036;--
Jan 2002;;;23.81;9.04;2.88;3.7;8.19;52.87;28.19;25.08;3.11;8.97;3.53;12.18;76.68;;48.49;;49.08;19.45;0.32;2;15.82;5.65;5.84;29.51;3.75;0.77;4.9;7.77;12.33;78.59;;-0.14;--;--;1.91;;1036;--
Feb 2002;;;23.84;9.09;2.98;3.57;8.21;52.97;28.23;25.12;3.11;9.05;3.49;12.2;76.81;;48.58;;49.46;19.44;0.31;2.07;15.87;5.97;5.8;29.66;3.77;0.74;4.9;7.84;12.41;79.12;;0.51;--;--;2.31;;1016;--
Mar 2002;;;23.42;9.12;2.93;3.54;7.83;53.18;28.43;25.32;3.11;9.08;3.51;12.16;76.6;;48.17;;48.54;19.67;0.43;2.04;15.34;5.39;5.67;29.77;3.76;0.77;4.9;7.88;12.46;78.31;;0.12;--;--;1.71;;1011;--
Apr 2002;;;23.94;9.13;2.95;3.61;8.25;52.17;27.25;24.12;3.13;9.18;3.49;12.25;76.11;;48.86;;47.47;19.55;0.26;1.95;15.28;4.83;5.6;30.07;3.51;0.71;5.28;8.06;12.52;77.55;;-0.52;--;--;1.44;;1022;--
May 2002;;;23.73;9.29;2.88;3.55;8;53.04;28.1;24.96;3.13;9.19;3.53;12.23;76.77;;48.67;;46.57;19.73;0.36;1.96;14.75;4.44;5.31;30.06;3.52;0.71;5.28;8.13;12.42;76.62;;-0.73;--;--;-0.14;;1040;--
Jun 2002;;;23.48;9.12;2.93;3.58;7.85;52.96;27.82;24.68;3.13;9.39;3.58;12.18;76.44;;48.63;;47.45;19.88;0.34;2.02;15.42;4.52;5.28;30.04;3.51;0.71;5.28;7.89;12.65;77.49;;-0.17;--;--;1.05;;1040;--
Jul 2002;;;23.37;8.95;2.98;3.56;7.88;53.5;28.41;25.25;3.16;9.44;3.56;12.09;76.88;;48.46;;48.82;20.08;0.33;2.05;15.93;5.01;5.43;29.94;3.45;0.66;5.2;7.97;12.66;78.77;;0.17;--;--;1.89;;1032;--
Aug 2002;;;23.05;9.14;2.94;3.62;7.35;53.66;28.28;25.1;3.18;9.57;3.65;12.16;76.71;;48.43;;48.41;20.22;0.36;2.11;15.24;4.98;5.5;29.93;3.44;0.66;5.2;7.89;12.74;78.34;;0.47;--;--;1.63;;1014;--
Sep 2002;;;22.68;8.68;2.91;3.57;7.52;54.59;29.09;25.91;3.18;9.7;3.59;12.21;77.27;;48.18;;48.2;19.46;0.31;1.98;15.92;5.02;5.52;29.85;3.45;0.68;5.2;7.91;12.61;78.05;;0.74;--;--;0.78;;987;--
Oct 2002;;;23.19;8.55;2.98;3.66;8;55.53;29.88;26.68;3.2;9.77;3.61;12.28;78.72;;48.84;;48.96;19.68;0.42;2.1;16.08;5.08;5.6;30.65;3.62;0.72;5.46;8.09;12.76;79.61;;0.03;--;--;0.88;;983;--
Nov 2002;;;23.56;8.95;3.03;3.48;8.1;55.45;29.95;26.75;3.2;9.79;3.54;12.17;79.01;;49.06;;49.83;20;0.36;2.13;15.68;5.9;5.76;30.45;3.62;0.72;5.46;8.17;12.48;80.28;;-0.18;--;--;1.27;;983;--
Dec 2002;;;23.77;8.92;3.04;3.67;8.13;53.3;27.86;24.95;2.91;9.78;3.53;12.13;77.07;;49.21;;50.6;19.94;0.28;2.08;15.59;6.56;6.16;30.4;3.63;0.72;5.46;8.31;12.28;81;;0.99;--;--;3.94;;949;--
Jan 2003;;;23.56;8.87;3.03;3.76;7.9;53.95;28.16;25.36;2.8;9.89;3.55;12.35;77.52;;49.36;;49.81;20.02;0.34;2.08;15.45;6.03;5.89;30.55;3.82;0.8;5.55;8.26;12.12;80.37;;1.4;--;--;2.85;;905;2477
Feb 2003;;;23.76;8.92;3.03;3.77;8.04;55.54;29.56;26.67;2.89;10.03;3.57;12.39;79.31;;49.75;;51.83;20.37;0.33;2.22;16.45;6.45;6.01;30.71;3.82;0.82;5.55;8.22;12.3;82.54;;1.57;1.37;0.3;3.23;;861;2394
Mar 2003;;;23.62;8.91;3.05;3.76;7.9;56.17;30.23;27.29;2.93;10.06;3.58;12.3;79.78;;49.56;;49.26;19.71;0.46;2.07;15.31;6.05;5.67;30.38;3.82;0.84;5.55;7.93;12.23;79.64;;-0.45;-1.77;2.08;-0.14;;875;2463
Apr 2003;;;23.1;8.73;2.98;3.73;7.66;55.55;29.49;26.47;3.02;10.08;3.64;12.33;78.65;;49.15;;48.39;19.83;0.27;2.12;15.51;5.11;5.54;29.94;3.57;0.74;5.52;7.85;12.26;78.33;;-0.72;-0.28;0.69;-0.32;;896;2493
May 2003;;;22.85;8.68;2.98;3.75;7.44;55.75;29.64;26.67;2.97;10.19;3.62;12.29;78.6;;48.96;;47.52;19.35;0.38;2.15;15.29;4.88;5.47;30.43;3.55;0.68;5.52;8.17;12.5;77.94;;-1.19;-0.48;1.01;-0.66;;930;2541
Jun 2003;;;22.65;8.63;3.04;3.81;7.16;55.24;28.99;25.96;3.03;10.34;3.64;12.26;77.89;;48.9;;48.12;19.79;0.36;2.07;15.43;4.93;5.54;30.83;3.56;0.74;5.52;8.25;12.75;78.95;;-0.9;-0.74;2.69;1.06;;951;2585
Jul 2003;;;23.14;8.52;3.21;3.83;7.58;55.58;29.22;26.08;3.14;10.39;3.6;12.37;78.72;;49.5;;48.82;20.1;0.34;2.15;15.83;4.8;5.59;31.13;3.49;0.68;5.98;8.22;12.75;79.94;;-0.34;-0.62;2.18;1.22;;958;2611
Aug 2003;;;22.99;8.7;3.17;3.87;7.25;56.29;29.77;26.57;3.2;10.54;3.62;12.36;79.28;;49.51;;48.4;20.59;0.38;2.21;14.95;4.82;5.44;31;3.49;0.66;5.98;8.03;12.83;79.39;;-0.05;-0.39;0.55;0.11;;954;2618
Sep 2003;;;23.21;8.9;3.15;3.84;7.31;56.86;30.16;26.91;3.25;10.72;3.57;12.42;80.07;;49.91;;49.24;19.93;0.32;2.13;16.4;4.91;5.54;31.21;3.49;0.68;5.98;8.11;12.94;80.45;;-0.87;0.18;1.06;0.38;;974;2633
Oct 2003;;;23.33;8.75;3.15;3.85;7.57;57.79;30.9;27.53;3.37;10.78;3.6;12.51;81.11;;50.21;;49.98;20.18;0.44;2.24;16.24;5.19;5.7;31.63;3.68;0.73;6.08;8.29;12.84;81.61;;-0.12;0.76;-0.14;0.5;;971;2607
Nov 2003;;;23.39;8.75;3.26;3.82;7.56;58.08;30.91;27.51;3.4;10.86;3.62;12.68;81.48;;50.56;;49.03;19.87;0.38;2.18;15.48;5.31;5.81;31.65;3.7;0.74;6.08;8.64;12.48;80.67;;0.12;-0.31;-0.61;-0.8;;965;2610
Dec 2003;;;23.89;8.82;3.29;3.91;7.87;58.93;31.63;28.18;3.45;10.94;3.63;12.73;82.82;;51.19;;51.64;20.68;0.3;2.25;16.01;6.18;6.23;32;3.71;0.75;6.08;8.78;12.69;83.64;;0.96;0.83;-0.97;0.82;;930;2549
Jan 2004;;;23.38;8.8;3.19;3.87;7.53;59.38;32.1;28.47;3.62;10.92;3.68;12.68;82.76;;50.66;;50.03;20.48;0.35;2.22;15.23;5.81;5.95;31.99;3.43;0.76;6.46;8.48;12.86;82.02;;0.39;-0.09;-1.03;-0.73;;915;2537
Feb 2004;;;23.3;8.83;3.22;3.82;7.44;59.47;32.01;28.39;3.62;10.94;3.71;12.8;82.77;;50.76;;51.31;20.87;0.34;2.26;15.93;6;5.91;32.36;3.42;0.76;6.78;8.56;12.86;83.68;;-0.03;0.57;0.36;0.9;;910;2516
Mar 2004;;;23.4;8.88;3.17;3.84;7.51;59.28;31.87;28.29;3.58;11.01;3.63;12.77;82.67;;50.8;;51.13;20.45;0.47;2.25;16.24;5.79;5.93;32.9;3.42;0.81;6.73;8.8;13.14;84.03;;-0.44;0.87;0.93;1.35;;919;2498
Apr 2004;;;23.19;8.81;3.09;3.92;7.38;59.36;31.78;28.24;3.55;11.09;3.67;12.81;82.55;;50.77;;49.41;20.55;0.28;2.12;15.83;5.03;5.6;33.18;3.63;0.72;6.81;8.83;13.19;82.59;;-0.32;-0.33;0.68;0.04;;922;2511
May 2004;;;22.94;8.8;3.09;3.87;7.18;59.19;31.63;28.05;3.58;11.13;3.66;12.77;82.13;;50.5;;47.58;20.31;0.39;2.09;14.59;4.65;5.54;32.79;3.59;0.7;6.63;8.78;13.08;80.36;;-0.96;-0.53;-0.28;-1.77;;949;2554
Jun 2004;;;23.05;8.59;3.13;3.92;7.41;60.73;32.87;29.19;3.69;11.37;3.7;12.79;83.77;;50.9;;49.45;20.78;0.37;2.22;15.65;4.71;5.72;34.05;3.6;0.72;7.32;8.82;13.6;83.5;;-0.69;-0.05;0.47;-0.28;;969;2575
Jul 2004;;;23.05;8.73;3.14;3.83;7.35;61.34;33.3;29.58;3.71;11.41;3.72;12.91;84.39;;51.1;;49.9;20.88;0.35;2.22;15.84;5.05;5.56;33.22;3.71;0.69;6.49;8.82;13.51;83.12;;-0.49;-0.48;-0.3;-1.27;;980;2602
Aug 2004;;;22.09;8.72;3.1;3.8;6.47;61.24;33.14;29.4;3.74;11.46;3.74;12.91;83.34;;50.2;;49.7;21.03;0.39;2.25;15.19;5.21;5.63;33.57;3.69;0.72;6.89;8.52;13.75;83.28;;-0.26;-0.26;0.46;-0.06;;985;2615
Sep 2004;;;21.93;8.3;3.14;3.89;6.6;61.96;33.66;29.91;3.74;11.54;3.81;12.95;83.89;;50.23;;50.09;20.53;0.33;2.28;16.36;4.89;5.71;33.46;3.66;0.74;6.62;8.82;13.62;83.55;;0.42;-0.18;-0.58;-0.34;;971;2606
Oct 2004;;;22.55;8.48;3.13;3.91;7.02;62.24;33.69;29.94;3.75;11.76;3.78;13.01;84.79;;51.1;;50.25;20.86;0.45;2.22;16.02;5.07;5.63;33.42;3.88;0.75;6.68;8.85;13.27;83.68;;0.14;-0.3;-0.95;-1.11;;967;2611
Nov 2004;;;23.04;8.85;3.2;3.82;7.17;61.59;33.18;29.42;3.77;11.75;3.77;12.89;84.64;;51.45;;50.91;20.81;0.39;2.31;16.27;5.15;5.98;34.03;3.91;0.76;7.16;8.94;13.27;84.94;;-0.63;-1.11;2.06;0.31;;983;2661
Dec 2004;;;22.64;8.88;3.07;3.68;7.01;61.65;33.4;29.62;3.78;11.55;3.8;12.9;84.29;;50.89;;52.31;21.23;0.31;2.35;16.32;5.91;6.2;34.32;3.88;0.76;7.1;9.13;13.45;86.63;;0.37;2.32;-0.35;2.33;;969;2575
Jan 2005;;;22.5;8.69;3.05;3.81;6.95;62.11;33.89;29.82;4.07;11.54;3.82;12.86;84.61;;50.72;;50.62;20.69;0.35;2.4;15.39;5.78;6.02;33.79;3.63;0.74;6.9;9.11;13.41;84.42;;0.44;-1.06;0.42;-0.19;;951;2590
Feb 2005;;;22.67;8.8;3.07;3.81;6.99;62.34;34.02;29.93;4.09;11.64;3.83;12.85;85.01;;50.99;;52.29;20.83;0.33;2.41;16.47;6.2;6.05;34.28;3.63;0.8;7.02;9.23;13.6;86.58;;-0.55;1.03;1.08;1.57;;964;2574
Mar 2005;;;22.58;8.85;2.91;3.69;7.12;62.55;34.19;30.12;4.07;11.67;3.86;12.83;85.13;;50.94;;51.98;21.01;0.46;2.31;16.1;5.98;6.11;34.13;3.64;0.79;6.82;9.02;13.86;86.1;;0.06;0.34;0.56;0.97;;956;2556
Apr 2005;;;22.92;8.89;3.04;3.88;7.11;62.67;34.38;30.24;4.14;11.63;3.85;12.82;85.59;;51.22;;49.19;20.14;0.28;2.15;15.57;5.1;5.95;33.96;3.6;0.72;6.76;9.07;13.82;83.15;;-1.38;-0.13;-0.93;-2.44;;994;2597
May 2005;;;22.97;8.93;3.1;3.91;7.03;62.91;34.27;30.12;4.15;11.7;3.87;13.06;85.88;;51.61;;48.67;20.61;0.39;2.28;15.27;4.52;5.6;33.67;3.59;0.73;6.43;9.18;13.74;82.34;;-0.9;-1.75;-0.89;-3.54;;1020;2677
Jun 2005;;;22.11;8.71;3.03;3.9;6.47;63.29;34.41;30.24;4.17;11.72;3.91;13.25;85.39;;50.98;;50.41;21.2;0.36;2.32;15.7;4.98;5.84;35.31;3.57;0.78;7.56;9.2;14.2;85.72;;-0.33;1.79;-1.14;0.33;;1027;2631
Jul 2005;;;21.73;8.37;3.07;3.5;6.79;63.32;34.68;30.48;4.19;11.58;3.92;13.15;85.05;;50.38;;49.46;20.94;0.35;2.27;15.47;4.91;5.52;34.22;3.75;0.7;7.06;8.65;14.06;83.68;;-0.12;-1.31;0.06;-1.37;;1028;2673
Aug 2005;;;21.68;8.38;3.05;3.87;6.38;63.62;34.73;30.51;4.21;11.77;3.93;13.2;85.3;;50.58;;51.25;21.67;0.39;2.38;16.05;4.94;5.83;34.34;3.76;0.77;6.78;8.75;14.27;85.59;;0.88;0.21;-0.8;0.28;;999;2637
Sep 2005;;;20.41;7.07;2.95;3.81;6.57;64.21;35.06;30.84;4.22;11.85;3.89;13.41;84.61;;49.56;;49.77;20.14;0.33;2.24;16.31;5;5.75;34.46;3.75;0.76;7.11;8.49;14.34;84.23;;0.39;-0.5;-0.28;-0.39;;995;2648
Oct 2005;;;20.75;7.39;3.2;3.65;6.51;63.81;34.7;30.5;4.2;11.94;3.91;13.26;84.56;;49.87;;48.76;20.25;0.45;2.27;15.66;4.67;5.46;33.43;3.76;0.75;6.95;8.18;13.79;82.19;;-0.39;-0.98;-1;-2.37;;1015;2699
Nov 2005;;;21.66;7.94;3.28;3.75;6.69;63.75;34.64;30.45;4.19;12;3.88;13.23;85.41;;50.77;;51.14;20.62;0.38;2.44;16.37;5.26;6.06;33.86;3.76;0.78;7.15;8.17;13.99;84.99;;-0.44;0.93;-0.92;-0.42;;1028;2683
Dec 2005;;;21.88;7.93;3.38;3.84;6.72;63.24;34.56;30.36;4.2;11.96;3.78;12.95;85.12;;50.57;;52.88;21.5;0.3;2.33;16.14;6.23;6.38;34.19;3.76;0.8;7.13;8.52;13.99;87.07;;1.03;1.42;-0.5;1.94;;997;2609
Jan 2006;;;22.1;8.21;3.36;3.84;6.68;62.97;34.27;30.05;4.22;11.75;3.98;12.98;85.07;;50.8;;50.78;20.44;0.33;2.22;15.78;5.94;6.08;33.91;3.77;0.75;6.67;9;13.72;84.69;;-0.48;-0.71;0.82;-0.38;;1013;2647
Feb 2006;;;21.97;8.21;3.31;3.77;6.68;63.16;34.31;30.09;4.22;11.86;3.97;13.02;85.13;;50.82;;51.84;20.58;0.31;2.38;16.41;6.07;6.09;35.67;3.8;0.76;7.71;9.28;14.12;87.51;;-0.23;0.03;2.58;2.38;;1018;2651
Mar 2006;;;21.67;8.09;3.2;3.81;6.57;63.06;34.17;29.94;4.23;11.94;4.02;12.92;84.73;;50.55;;51.63;20.61;0.44;2.33;16.57;5.65;6.04;35.14;3.75;0.73;7.49;9.12;14.05;86.78;;0.91;0.54;0.6;2.05;;989;2605
Apr 2006;;;21.73;8.23;3.3;3.84;6.36;63.32;34.18;29.95;4.24;12.07;3.99;13.08;85.05;;50.87;;48.37;20.2;0.26;2.17;14.98;5.07;5.69;34.9;3.59;0.76;7.73;9.01;13.82;83.27;;-0.31;-0.67;-0.8;-1.78;;996;2632
May 2006;;;21.63;8.35;3.12;3.8;6.36;63.21;33.86;29.62;4.24;12.1;4.02;13.23;84.84;;50.98;;48.79;20.46;0.37;2.22;15.57;4.4;5.77;35.36;3.6;0.77;7.36;9.32;14.3;84.14;;-0.74;-0.87;0.91;-0.7;;1019;2682
Jun 2006;;;21.24;8.39;3.06;3.75;6.04;63.59;34.18;29.87;4.31;12.15;4.01;13.25;84.83;;50.65;;50.27;20.98;0.34;2.35;16.07;4.72;5.8;35.59;3.61;0.76;7.71;9;14.5;85.86;;-0.18;0.58;0.62;1.02;;1025;2670
Jul 2006;;;21.82;8.38;3.25;3.71;6.48;64.35;34.54;30.19;4.36;12.28;4.02;13.5;86.17;;51.63;;49.59;20.74;0.33;2.36;15.72;4.95;5.5;35.11;3.92;0.75;7.33;8.72;14.39;84.7;;-0.46;-1.22;0.21;-1.47;;1039;2722
Aug 2006;;;21.54;8.39;3.32;3.72;6.11;64.44;34.64;30.29;4.36;12.37;3.97;13.46;85.98;;51.33;;50.58;21.43;0.37;2.41;15.74;4.8;5.83;36.06;3.93;0.76;7.71;8.78;14.88;86.63;;-0.64;-0.32;1.62;0.66;;1059;2752
Sep 2006;;;21.45;8.35;3.39;3.71;6.01;64.01;34.3;29.95;4.35;12.26;3.96;13.5;85.46;;51.17;;49.82;20.56;0.31;2.3;16.36;4.51;5.78;36.18;3.91;0.77;7.87;8.96;14.67;86;;-0.74;-0.28;1.56;0.53;;1081;2783
Oct 2006;;;21.67;8.38;3.36;3.6;6.34;64.05;34.1;29.72;4.39;12.5;3.96;13.49;85.72;;51.62;;50.3;20.77;0.42;2.31;16.38;4.75;5.68;36.05;3.98;0.81;7.62;8.96;14.68;86.35;;0.52;0.03;0.08;0.63;;1064;2765
Nov 2006;;;21.73;8.3;3.42;3.57;6.43;63.46;33.75;29.35;4.4;12.51;3.98;13.22;85.19;;51.44;;51.1;20.67;0.36;2.4;16.24;5.22;6.21;35.95;3.98;0.81;7.35;9.23;14.59;87.05;;0.8;0.21;0.86;1.86;;1040;2735
Dec 2006;;;21.79;8.49;3.42;3.4;6.48;63.15;33.68;29.28;4.4;12.56;3.9;13.02;84.94;;51.26;;51.05;20.8;0.28;2.3;15.38;5.92;6.36;35.39;4;0.78;7.4;9.13;14.07;86.43;;0.83;0.66;0.01;1.5;;1014;2689
Jan 2007;;;21.67;8.37;3.41;3.58;6.3;63.05;33.56;28.96;4.6;12.56;4.16;12.77;84.71;;51.15;;49.91;20.57;0.31;2.35;15.26;5.22;6.21;36.36;3.67;0.79;7.96;9.52;14.43;86.27;;-0.12;-0.02;1.7;1.56;;1018;2693
Feb 2007;;;21.89;8.34;3.47;3.58;6.5;63.09;33.5;29.03;4.48;12.68;4.09;12.82;84.98;;51.48;;51.64;21.31;0.3;2.52;15.62;5.57;6.32;36.32;3.93;0.78;7.38;9.61;14.63;87.96;;2.07;0.23;0.68;2.98;;960;2629
Mar 2007;;;21.78;8.42;3.55;3.63;6.19;63.07;33.58;29.11;4.47;12.79;4.03;12.67;84.86;;51.28;;50.52;20.54;0.41;2.39;15.55;5.41;6.23;36.87;3.79;0.81;7.83;9.5;14.94;87.39;;-0.37;1.24;1.66;2.53;;972;2602
Apr 2007;;;21.96;8.47;3.46;3.63;6.4;63.32;33.78;29.32;4.47;12.65;4.1;12.8;85.28;;51.5;;49.07;20.54;0.25;2.23;15.14;4.9;6.01;36.23;3.67;0.73;7.88;9.48;14.46;85.3;;-0.55;-0.36;0.93;0.02;;987;2628
May 2007;;;21.56;8.55;3.43;3.55;6.03;63.38;33.6;29.14;4.46;12.63;4.13;13.01;84.94;;51.33;;49;20.62;0.34;2.38;15.22;4.43;6;36.94;3.6;0.74;8.21;9.53;14.87;85.95;;-0.96;-0.55;2.53;1.01;;1016;2675
Jun 2007;;;21.11;8.46;3.3;3.65;5.7;63.82;33.48;29.01;4.47;12.69;4.17;13.47;84.93;;51.45;;49.62;20.72;0.32;2.37;15.56;4.6;6.05;37.58;3.65;0.81;8.17;9.74;15.21;87.19;;-0.2;0.46;2;2.27;;1022;2667
Jul 2007;;;21.6;8.46;3.41;3.6;6.13;63.81;33.75;29.27;4.47;12.75;3.99;13.32;85.41;;51.66;;49.74;20.75;0.31;2.43;15.69;4.59;5.98;37.48;3.87;0.77;8.5;9.37;14.96;87.22;;-0.12;-0.37;2.31;1.82;;1026;2682
Aug 2007;;;20.94;8.37;3.65;3.25;5.67;63.65;33.73;29.26;4.47;12.63;4.09;13.2;84.59;;50.87;;50.2;21.03;0.35;2.48;15.71;4.62;6.01;36.67;3.93;0.77;7.37;9.34;15.26;86.87;;0.57;0;1.7;2.28;;1008;2664
Sep 2007;;;21.13;8.34;3.46;3.54;5.79;64.31;34.36;29.89;4.47;12.49;4.06;13.4;85.43;;51.08;;49.77;20.41;0.29;2.41;15.96;4.89;5.8;37.11;3.92;0.81;7.82;9.6;14.97;86.88;;-0.03;0.31;1.16;1.45;;1007;2653
Oct 2007;;;21.48;8.48;3.47;3.38;6.15;64.7;34.55;30.08;4.47;12.77;4.07;13.31;86.18;;51.63;;50.76;20.48;0.4;2.42;16.46;4.82;6.19;37.4;3.85;0.85;7.86;9.63;15.2;88.16;;0.29;0.5;1.19;1.98;;996;2627
Nov 2007;;;21.45;8.6;3.47;3.28;6.1;64.49;34.32;29.92;4.4;12.76;4.07;13.33;85.94;;51.62;;51.24;20.53;0.34;2.46;16.31;5.23;6.36;37.05;4;0.8;7.43;9.82;14.99;88.29;;0.6;0.86;0.88;2.35;;977;2582
Dec 2007;;;21.5;8.71;3.32;3.34;6.12;64.98;35.04;30.58;4.46;12.65;4.04;13.24;86.47;;51.43;;50.63;20.72;0.27;2.37;15.27;5.69;6.3;38.16;4.11;0.78;8.61;9.83;14.83;88.78;;0.8;-0.64;2.15;2.31;;951;2576
Jan 2008;;;21.36;8.67;3.35;3.32;6.02;65.12;35.16;30.56;4.6;12.71;4.13;13.12;86.48;;51.32;;49.95;20.25;0.24;2.38;15.58;5.33;6.17;37.55;3.77;0.81;8.02;9.87;15.08;87.5;;-0.37;-1.07;2.45;1.02;;961;2619
Feb 2008;;;21.34;8.68;3.36;3.31;6;65.21;35.24;30.64;4.6;12.68;4.13;13.16;86.56;;51.31;;50.64;20.03;0.23;2.41;15.8;5.84;6.33;37.47;4.1;0.81;7.15;10.06;15.35;88.11;;0.45;1.71;-0.61;1.55;;947;2555
Mar 2008;;;21.41;8.74;3.44;3.24;5.99;65.37;35.46;30.85;4.61;12.69;4.16;13.06;86.78;;51.32;;48.64;19.83;0.32;2.31;15.08;5.06;6.04;39.27;4.01;0.82;8.84;10.12;15.48;87.91;;0.28;-0.71;1.56;1.13;;937;2567
Apr 2008;;;21.18;8.75;3.3;3.16;5.97;65.13;35.17;30.56;4.61;12.65;4.14;13.17;86.3;;51.14;;49.09;19.81;0.2;2.2;15.84;5;6.03;38.78;3.93;0.79;8.08;10.32;15.66;87.86;;-0.39;0.44;1.51;1.56;;947;2564
May 2008;;;21.38;8.89;3.18;3.19;6.12;65.66;35.48;30.92;4.56;12.7;4.2;13.29;87.04;;51.56;;47.93;19.8;0.27;2.26;14.96;4.45;6.2;38.86;3.82;0.78;8.62;9.8;15.84;86.79;;-0.25;-0.46;0.46;-0.25;;952;2583
Jun 2008;;;20.87;8.75;3.2;3.24;5.69;66.13;35.61;31;4.62;12.75;4.27;13.49;87;;51.38;;47.65;19.68;0.26;2.3;15.14;4.33;5.94;38.35;3.97;0.8;7.88;9.58;16.11;85.99;;-0.4;-0.19;-0.42;-1;;963;2599
Jul 2008;;;21.44;8.87;3.42;3.18;5.96;66.55;36;31.36;4.64;12.69;4.2;13.66;87.99;;51.99;;48.31;19.56;0.25;2.34;15.66;4.46;6.05;38.57;4.06;0.74;8.17;9.29;16.32;86.89;;-0.39;-1.17;0.46;-1.1;;973;2647
Aug 2008;;;20.72;8.72;3.43;3.15;5.42;66.33;35.81;31.16;4.65;12.35;4.16;14.01;87.05;;51.24;;47.11;19.27;0.27;2.26;15.2;4.17;5.92;38.64;4.16;0.74;8.3;9.2;16.24;85.75;;-0.4;-0.11;-0.79;-1.3;;986;2663
Sep 2008;;;19.21;7.12;3.3;3.11;5.68;66.19;35.51;30.87;4.64;12.53;4.18;13.98;85.4;;49.89;;46.98;17.84;0.23;2.32;16.31;4.29;5.99;39.08;4.23;0.76;8.28;9.28;16.53;86.05;;0.21;0.36;0.08;0.65;;984;2650
Oct 2008;;;20.78;8.34;3.35;3.15;5.95;66.21;35.55;30.91;4.64;12.51;4.24;13.91;86.99;;51.44;;48.67;19.7;0.31;2.35;16.16;4.34;5.81;38.2;4.08;0.78;7.9;9.23;16.22;86.87;;-0.22;-0.08;0.18;-0.12;;992;2660
Nov 2008;;;21.28;8.68;3.45;3.09;6.05;65.46;34.85;30.19;4.66;12.56;4.25;13.8;86.73;;51.88;;47.12;19.05;0.27;2.33;15.14;4.57;5.76;36.74;3.93;0.77;7.3;9.23;15.5;83.87;;-0.7;-0.11;-2.06;-2.87;;1013;2684
Dec 2008;;;21.08;8.53;3.39;3.11;6.04;64.36;34.22;29.54;4.68;12.63;4.09;13.43;85.44;;51.22;;48.31;19.14;0.21;2.28;15.38;5.11;6.19;37.22;3.83;0.76;7.88;9.26;15.48;85.54;;-0.15;0.04;0.2;0.1;;1017;2688
Jan 2009;;;21.03;8.62;3.41;3.08;5.92;63.39;33.28;28.57;4.71;12.61;4.19;13.31;84.42;;51.14;;47.38;19.04;0.23;2.34;15.02;4.77;5.98;36.6;3.52;0.78;7.37;9.38;15.55;83.98;;-0.91;-0.11;0.58;-0.44;;1044;2717
Feb 2009;;;21.42;8.79;3.49;3.06;6.08;63.67;33.19;28.42;4.77;12.76;4.17;13.55;85.08;;51.9;;47.63;18.82;0.23;2.34;15.35;4.66;6.24;37.76;3.86;0.75;7.46;9.92;15.76;85.39;;-0.39;-0.03;0.73;0.31;;1053;2727
Mar 2009;;;21.34;8.86;3.36;3.06;6.06;63.59;33.14;28.31;4.83;12.76;4.16;13.53;84.93;;51.79;;47.16;18.72;0.31;2.26;15.33;4.55;6;38.42;3.69;0.77;8.27;9.72;15.97;85.58;;-0.83;0.31;1.18;0.66;;1071;2736
Apr 2009;;;21.04;8.97;3.11;3.05;5.91;64.28;33.36;28.46;4.9;13.01;4.22;13.67;85.32;;51.96;;45.9;18.67;0.19;2.16;14.76;4.19;5.92;38.85;3.61;0.77;8.61;9.73;16.12;84.74;;-0.44;0.31;-0.45;-0.58;;1079;2734
May 2009;;;20.75;9.15;3.07;3.02;5.51;64.52;33.43;28.48;4.95;12.91;4.2;13.97;85.27;;51.84;;44.33;18.21;0.26;2.16;14.08;3.78;5.84;39.41;3.7;0.76;8.69;9.96;16.31;83.74;;-0.5;0.19;-1.22;-1.53;;1091;2741
Jun 2009;;;20.72;9.13;3.22;2.91;5.45;64.85;33.53;28.57;4.97;13.05;4.25;14.02;85.56;;52.03;;46.09;18.83;0.25;2.26;14.9;4.04;5.82;40.41;3.77;0.79;8.59;10.22;17.04;86.51;;-0.44;-0;1.38;0.94;;1102;2752
Jul 2009;;;21.37;9.2;3.42;2.96;5.79;65.02;33.8;28.81;4.99;13.08;4.24;13.89;86.39;;52.59;;45.88;18.63;0.24;2.28;14.89;3.97;5.88;40.79;3.99;0.74;9.21;9.81;17.04;86.67;;-0.19;-0.02;0.48;0.28;;1108;2758
Aug 2009;;;20.81;9.28;3.33;2.94;5.25;65.25;33.92;28.91;5.01;13.03;4.28;14.01;86.05;;52.14;;45.47;18.95;0.26;2.27;14;4.14;5.86;39.98;3.95;0.73;8.58;9.81;16.9;85.46;;0.52;-0.8;-0.32;-0.6;;1092;2767
Sep 2009;;;21.02;9.48;3.28;2.99;5.28;65.44;33.88;28.92;4.96;13.17;4.27;14.13;86.47;;52.59;;46.24;18.59;0.22;2.25;15.22;4.13;5.83;40.21;3.99;0.75;8.57;9.87;17.02;86.45;;-0.49;0.31;0.16;-0.02;;1105;2771
Oct 2009;;;21.37;9.4;3.34;2.99;5.63;65.55;33.93;28.96;4.96;13.25;4.27;14.1;86.92;;52.99;;46.51;18.8;0.3;2.21;14.97;4.26;5.97;40.13;3.85;0.78;8.92;10.21;16.37;86.65;;0.75;0.81;-1.83;-0.27;;1082;2723
Nov 2009;;;21.52;9.31;3.48;2.95;5.78;65.54;33.97;29;4.97;13.26;4.24;14.06;87.06;;53.09;;46.08;18.75;0.26;2.26;14.38;4.38;6.04;39.2;4.02;0.74;8.39;9.97;16.08;85.28;;0.37;-0.73;-1.42;-1.78;;1070;2732
Dec 2009;;;21.39;9.42;3.32;3;5.65;65.19;33.97;28.98;4.98;13.15;4.21;13.87;86.59;;52.62;;47.74;19.24;0.2;2.31;14.56;5.06;6.37;40.67;3.93;0.72;9.2;10.24;16.57;88.41;;1.21;1.43;-0.82;1.82;;1032;2650
Jan 2010;;;21.45;9.38;3.23;3.02;5.83;65.29;33.84;28.89;4.96;13.15;4.45;13.85;86.75;;52.9;;45.53;18.65;0.2;2.23;13.64;4.8;6.01;38.32;3.75;0.69;8.02;9.98;15.89;83.85;;-0.09;-1.57;-1.23;-2.9;;1035;2702
Feb 2010;;;21.74;9.69;3.31;3.01;5.73;65.45;33.94;28.89;5.06;13.22;4.42;13.87;87.19;;53.24;;47.58;18.83;0.19;2.37;14.91;4.95;6.32;41.02;3.94;0.72;9.14;10.74;16.48;88.6;;0.03;0.49;0.9;1.42;;1034;2687
Mar 2010;;;22;9.69;3.34;3;5.97;65.45;33.87;28.84;5.03;13.28;4.45;13.86;87.45;;53.58;;47.4;19.08;0.27;2.25;14.95;4.7;6.15;40.88;3.86;0.74;9.1;10.61;16.58;88.27;;-0.1;0.69;0.22;0.82;;1037;2669
Apr 2010;;;21.83;9.53;3.38;3;5.93;65.74;33.83;28.83;5.01;13.24;4.43;14.24;87.58;;53.74;;46.32;19.07;0.16;2.29;14.41;4.32;6.07;41.02;3.82;0.72;9.32;10.51;16.66;87.34;;-0.74;-0.78;1.29;-0.23;;1059;2714
May 2010;;;21.77;9.63;3.43;3;5.72;66.09;33.75;28.73;5.01;13.29;4.53;14.53;87.86;;54.12;;45.18;18.87;0.22;2.31;14;3.81;5.97;40.58;3.86;0.72;8.39;10.65;16.96;85.77;;-0.65;-0.32;-1.13;-2.1;;1079;2744
Jun 2010;;;21.1;9.55;3.44;2.95;5.17;66.44;33.93;28.89;5.04;13.29;4.58;14.64;87.54;;53.61;;47.19;19.56;0.21;2.45;14.92;3.94;6.11;42.82;4.05;0.71;9.84;10.57;17.66;90.02;;-0.35;0.22;2.61;2.48;;1090;2748
Jul 2010;;;21.33;9.5;3.45;2.97;5.42;66.53;33.76;28.73;5.03;13.34;4.54;14.89;87.86;;54.1;;46.98;19.29;0.2;2.31;15.04;4.13;6.01;41.03;4.07;0.7;8.41;10.27;17.59;88.01;;-0.47;0.2;0.42;0.15;;1104;2757
Aug 2010;;;21.18;9.72;3.51;2.95;5.01;66.59;33.75;28.72;5.03;13.29;4.58;14.97;87.77;;54.02;;47.53;19.66;0.22;2.48;14.69;4.35;6.12;41.77;4.27;0.73;8.91;10.13;17.74;89.3;;-0.21;-0.89;2.63;1.53;;1111;2791
Sep 2010;;;21.31;9.87;3.32;2.96;5.16;66.61;33.75;28.69;5.07;13.32;4.67;14.88;87.92;;54.17;;48.05;19.46;0.19;2.43;15.54;4.39;6.03;42.48;4.29;0.76;9.74;10.24;17.45;90.54;;0.05;1.74;0.83;2.61;;1110;2737
Oct 2010;;;21.78;9.85;3.41;2.96;5.56;66.42;33.72;28.66;5.06;13.47;4.66;14.56;88.2;;54.48;;46.72;18.93;0.26;2.35;15.14;3.99;6.05;41.19;4.11;0.75;8.79;10.43;17.12;87.92;;0.41;-0.97;0.28;-0.28;;1097;2754
Nov 2010;;;22.02;9.92;3.66;2.9;5.54;66.5;33.71;28.64;5.07;13.4;4.76;14.63;88.52;;54.81;;47.6;18.97;0.22;2.43;15.18;4.52;6.3;42.63;4.1;0.77;10.39;10.47;16.89;90.23;;0.66;0.23;0.82;1.71;;1077;2727
Dec 2010;;;22.19;10.07;3.72;2.98;5.44;66.33;33.89;28.83;5.06;13.45;4.61;14.39;88.53;;54.64;;48.52;19.73;0.18;2.46;14.75;4.94;6.45;43.28;4.24;0.75;10.19;10.93;17.17;91.8;;1.09;0.95;1.23;3.27;;1043;2664
Jan 2011;;;21.84;9.79;3.58;3;5.47;67.52;34.84;29.63;5.21;13.47;4.8;14.4;89.36;;54.51;;46.11;18.93;0.2;2.36;13.71;4.8;6.11;41.31;3.92;0.66;9.76;10.57;16.4;87.42;;-0.46;-1.48;0.01;-1.94;;1057;2724
Feb 2011;;;21.21;9.5;3.47;2.96;5.29;67.41;34.8;29.57;5.23;13.47;4.75;14.39;88.63;;53.83;;47.74;18.82;0.19;2.43;14.85;5;6.46;42.26;3.99;0.69;9.86;10.74;16.97;90;;1.04;1.53;-1.19;1.38;;1028;2652
Mar 2011;;;21.73;10.01;3.57;2.99;5.17;66.01;33.46;28.37;5.09;13.45;4.72;14.37;87.73;;54.27;;47.01;19.19;0.26;2.49;14.26;4.5;6.31;41.6;3.91;0.71;9.56;10.89;16.53;88.61;;0.1;0.55;0.23;0.87;;1025;2632
Apr 2011;;;21.78;9.94;3.54;2.99;5.32;65.91;33.51;28.42;5.09;13.48;4.69;14.23;87.7;;54.19;;44.88;18.58;0.16;2.25;13.95;4.04;5.91;42.11;3.95;0.7;9.92;10.83;16.71;86.99;;-0.1;-0.82;0.22;-0.7;;1028;2660
May 2011;;;21.17;10.1;3.2;2.97;4.88;66.37;33.64;28.51;5.13;13.49;4.67;14.57;87.53;;53.9;;44.7;18.43;0.22;2.29;14.08;3.72;5.97;42.45;4.19;0.7;9.71;10.61;17.24;87.15;;-0.87;0.25;0.23;-0.39;;1055;2679
Jun 2011;;;21.24;10.07;3.31;2.96;4.9;67.21;34.3;29.16;5.14;13.46;4.58;14.88;88.45;;54.16;;46.35;19.19;0.21;2.44;14.48;3.88;6.15;42.74;4.45;0.72;9.34;10.61;17.63;89.1;;-0.06;0.37;0.33;0.64;;1057;2670
Jul 2011;;;21.42;9.93;3.59;2.94;4.96;67.54;34.63;29.44;5.18;13.5;4.52;14.9;88.96;;54.34;;46.14;18.71;0.2;2.42;14.45;4.17;6.18;42.63;4.37;0.71;9.35;10.44;17.77;88.77;;-0.23;-0;0.04;-0.19;;1072;2685
Aug 2011;;;21.7;10.25;3.74;2.95;4.76;67.77;34.72;29.53;5.19;13.42;4.59;15.04;89.47;;54.75;;47.66;19.36;0.22;2.56;14.83;4.4;6.29;42.95;4.6;0.75;9.59;10.35;17.65;90.61;;0.65;0.04;0.45;1.15;;1074;2686
Sep 2011;;;21.4;10.09;3.65;2.88;4.79;67.34;34.77;29.59;5.17;13.16;4.51;14.9;88.74;;53.97;;46.94;18.89;0.19;2.41;15.04;4.23;6.18;42.81;4.37;0.73;9.36;10.55;17.8;89.75;;0.53;0.6;-0.12;1.01;;1058;2652
Oct 2011;;;22.22;10.5;3.72;2.95;5.05;66.98;34.49;29.27;5.22;13.49;4.45;14.54;89.2;;54.71;;46.21;18.82;0.25;2.29;14.46;4.35;6.05;42.64;4.45;0.76;9.51;10.65;17.27;88.85;;0.39;0.39;-1.14;-0.35;;1046;2628
Nov 2011;;;22.54;10.79;3.73;2.92;5.11;67.67;35.36;30.12;5.24;13.23;4.54;14.54;90.21;;54.85;;46.66;19.06;0.22;2.38;14.17;4.53;6.3;44.16;4.46;0.76;10.3;11.23;17.4;90.82;;0.02;-0.39;0.97;0.6;;1045;2639
Dec 2011;;;22.83;10.89;3.92;2.94;5.08;67.77;35.36;30.11;5.25;13.51;4.56;14.34;90.59;;55.24;;47.17;18.77;0.17;2.4;13.83;5.38;6.62;43.32;4.32;0.71;10.01;10.98;17.3;90.48;;0.7;1.07;-1.88;-0.11;;1024;2584
Jan 2012;;;22.72;10.83;3.87;2.91;5.11;68.18;35.68;30.31;5.36;13.56;4.66;14.29;90.9;;55.22;;45.24;18.3;0.18;2.28;13.11;5.13;6.24;42.12;3.88;0.72;9.92;10.6;16.99;87.35;;-0.63;-1.16;-1.76;-3.55;;1043;2640
Feb 2012;;;23.05;10.94;4.04;2.94;5.14;68.17;35.97;30.61;5.36;13.56;4.62;14.02;91.23;;55.26;;47.69;18.62;0.17;2.36;14.56;5.51;6.46;43.82;4.2;0.68;10.45;11.09;17.39;91.51;;0.16;0.37;-0.25;0.28;;1039;2624
Mar 2012;;;22.7;10.95;3.78;2.96;5.02;68.26;36.21;30.82;5.39;13.57;4.65;13.84;90.96;;54.75;;45.88;18.13;0.24;2.4;13.79;5.1;6.21;43.63;4.05;0.66;10.06;11.19;17.67;89.51;;-0.55;0.19;-1.09;-1.46;;1056;2636
Apr 2012;;;22.82;10.89;3.91;2.95;5.07;68.54;36.49;31.06;5.43;13.49;4.69;13.87;91.37;;54.88;;44.79;18.16;0.15;2.34;13.76;4.33;6.05;43.07;4.04;0.68;9.72;10.99;17.64;87.86;;-0.07;-0.6;-2.83;-3.5;;1058;2656
May 2012;;;22.57;11.06;3.68;2.94;4.89;68.39;36.08;30.66;5.42;13.51;4.65;14.14;90.96;;54.88;;45.57;18.57;0.2;2.49;13.74;4.32;6.25;44.39;4.16;0.73;10.23;11.16;18.11;89.96;;-0.43;0.23;-0.79;-1;;1071;2662
Jun 2012;;;22.21;10.91;3.59;2.94;4.77;68.48;36.16;30.75;5.41;13.51;4.6;14.21;90.69;;54.52;;45.99;18.87;0.19;2.24;14.25;4.06;6.37;44.29;4.38;0.69;9.44;11.02;18.75;90.29;;-0.41;0.29;-0.29;-0.4;;1084;2666
Jul 2012;;;22.44;10.94;3.77;2.92;4.81;68.7;36.06;30.63;5.43;13.53;4.6;14.5;91.14;;55.07;;46;18.54;0.18;2.47;14.21;4.33;6.27;45.14;4.43;0.71;10.31;10.92;18.78;91.14;;-0.06;-0.98;1.04;-0;;1085;2698
Aug 2012;;;22.22;10.92;3.75;2.96;4.6;69.01;36.24;30.81;5.43;13.5;4.7;14.56;91.23;;54.99;;46.72;19.14;0.2;2.6;13.82;4.58;6.39;44.3;4.47;0.7;9.22;10.9;19.01;91.02;;0.39;-0.39;-0.2;-0.2;;1073;2698
Sep 2012;;;21.83;11.19;3.66;2.94;4.03;68.69;35.97;30.6;5.37;13.49;4.8;14.43;90.52;;54.55;;45.11;18.08;0.17;2.43;13.85;4.39;6.18;44.46;4.35;0.68;10.16;10.67;18.6;89.57;;-0.62;0.27;-0.6;-0.95;;1093;2709
Oct 2012;;;22.79;11.57;3.89;2.89;4.44;68.44;35.47;30.14;5.33;13.55;4.88;14.54;91.23;;55.75;;46.55;18.71;0.23;2.48;14.35;4.37;6.41;45.72;4.34;0.71;10.78;11.02;18.87;92.27;;0.31;0.87;-0.14;1.04;;1083;2673
Nov 2012;;;23.29;11.76;3.99;2.95;4.59;68.43;35.46;30.06;5.4;13.69;4.82;14.46;91.72;;56.26;;46.49;18.53;0.2;2.65;13.96;4.59;6.57;45.69;4.46;0.69;10.92;11.24;18.39;92.19;;-0;0.19;0.28;0.47;;1084;2667
Dec 2012;;;23.61;11.77;4.18;2.91;4.74;67.79;35.09;29.64;5.44;13.69;4.81;14.2;91.4;;56.31;;45.92;18.13;0.16;2.5;13.16;5.44;6.54;45.25;4.38;0.66;10.83;11.22;18.16;91.17;;0.12;0.75;-1.1;-0.23;;1080;2640
Jan 2013;;;23.22;11.6;4.1;2.95;4.56;67.4;34.84;29.41;5.43;13.71;4.84;14;90.61;;55.77;;45.74;18.74;0.15;2.48;12.9;5.12;6.37;45.68;3.95;0.6;11.49;11.27;18.38;91.43;;-0.1;-0.25;1.16;0.81;;1082;2650
Feb 2013;;;23.22;11.7;4.01;2.94;4.56;67.17;34.78;29.29;5.49;13.72;4.8;13.87;90.39;;55.61;;46.45;18.65;0.14;2.44;13.49;5.24;6.48;45.05;4.19;0.64;10.84;11.37;18.01;91.5;;0.76;0.31;0.04;1.11;;1061;2620
Mar 2013;;;23.46;11.85;4.17;2.89;4.54;67.19;34.95;29.45;5.49;13.7;4.83;13.7;90.64;;55.7;;45.08;18.55;0.19;2.37;13.2;4.72;6.04;45.1;4.11;0.65;10.64;11.3;18.4;90.17;;-0.07;-0.52;0.12;-0.47;;1063;2638
Apr 2013;;;23.68;12.17;3.97;2.89;4.65;67.81;35.39;29.91;5.48;13.69;4.83;13.91;91.5;;56.11;;45.81;18.59;0.12;2.36;14.1;4.34;6.3;45.09;4.01;0.67;10.62;11.21;18.58;90.9;;-0.47;0.12;-0.24;-0.6;;1077;2649
May 2013;;;23.41;12.14;3.7;2.88;4.69;68.23;35.32;29.87;5.45;13.59;4.85;14.47;91.64;;56.32;;45.53;18.73;0.16;2.45;13.87;4.07;6.23;45.65;4.24;0.67;10.63;11.3;18.81;91.18;;-0.34;1.04;-1.17;-0.46;;1088;2627
Jun 2013;;;23.33;12.13;3.86;2.91;4.44;68.45;35.24;29.75;5.49;13.66;4.93;14.62;91.78;;56.54;;45.34;18.82;0.15;2.39;13.77;3.87;6.34;46.26;4.5;0.66;10.6;11.18;19.33;91.6;;-0.07;-0.13;0.02;-0.18;;1090;2633
Jul 2013;;;24.15;12.52;4.02;2.87;4.74;68.5;35.38;29.87;5.51;13.77;4.72;14.64;92.65;;57.27;;46.76;19.26;0.15;2.44;14.3;4.35;6.26;46.8;4.6;0.69;11.06;11.09;19.36;93.55;;0.04;-0.52;1.39;0.91;;1088;2648
Aug 2013;;;24.11;12.6;4.19;2.91;4.4;68.38;35.32;29.93;5.39;13.57;4.76;14.73;92.49;;57.17;;46.29;19.14;0.16;2.42;13.87;4.36;6.34;45.26;4.7;0.67;9.64;11.1;19.15;91.55;;-0.14;0.2;-1;-0.94;;1093;2646
Sep 2013;;;24.14;12.98;4.05;2.91;4.2;67.72;34.56;29.12;5.44;13.73;4.81;14.62;91.87;;57.31;;45.86;19.28;0.14;2.43;13.95;4.09;5.97;45.92;4.65;0.69;11.15;10.89;18.54;91.78;;-0.31;-0.48;0.7;-0.09;;1102;2670
Oct 2013;;;24.22;12.87;4.05;2.93;4.37;67.92;34.6;29.08;5.52;13.84;4.9;14.58;92.14;;57.54;;46.39;19.32;0.19;2.37;14.15;4.15;6.21;45.36;4.64;0.72;9.94;11.23;18.84;91.74;;0.77;0.45;-1.61;-0.4;;1078;2632
Nov 2013;;;24.83;13.09;4.23;2.9;4.61;67.64;34.09;28.57;5.52;13.95;4.91;14.69;92.47;;58.38;;46.9;19.49;0.16;2.48;13.64;4.79;6.34;46.47;4.63;0.7;11.08;11.47;18.58;93.37;;0.7;0.75;-0.55;0.9;;1058;2589
Dec 2013;;;25.1;13.09;4.32;2.91;4.78;67.49;34.3;28.76;5.54;13.95;4.9;14.33;92.59;;58.29;;46.21;19.01;0.13;2.38;13.08;5.2;6.41;47;4.67;0.67;11.7;11.39;18.57;93.21;;0.94;0.49;-0.81;0.62;;1028;2545
Jan 2014;;;25.04;13.09;4.36;2.88;4.71;67.48;34.74;29.28;5.46;13.9;4.96;13.89;92.53;;57.78;;45.52;19.1;0.15;2.4;12.72;5.01;6.14;46.99;4.17;0.63;11.98;11.42;18.78;92.5;;0.44;-0.74;0.28;-0.02;;1015;2554
Feb 2014;;;25.26;13.12;4.39;2.89;4.85;67.79;34.86;29.42;5.44;13.92;4.99;14.01;93.04;;58.18;;46.58;18.9;0.15;2.51;13.44;5.25;6.32;47.19;4.55;0.65;10.91;11.72;19.36;93.77;;-0.06;-0.08;0.86;0.73;;1016;2558
Mar 2014;;;25.49;13.35;4.45;2.87;4.82;66.96;34.31;28.92;5.38;13.79;4.94;13.92;92.45;;58.14;;45.4;18.45;0.19;2.32;13.37;4.84;6.22;45.83;4.47;0.66;10.21;11.69;18.81;91.23;;-0.27;0.06;-1.01;-1.22;;1025;2564
Apr 2014;;;25.7;13.82;4.32;2.87;4.7;66.99;34.12;28.76;5.36;13.82;4.92;14.14;92.69;;58.58;;45.05;18.83;0.12;2.24;13.61;4.04;6.2;47.97;4.31;0.64;12.12;11.49;19.42;93.02;;-0.93;0.54;0.73;0.33;;1055;2579
May 2014;;;25.4;13.89;4.17;2.88;4.46;67.72;34.41;29.06;5.35;13.78;4.96;14.56;93.11;;58.7;;44.37;18.6;0.16;2.31;13.3;3.77;6.22;47.88;4.7;0.69;11.29;11.82;19.38;92.25;;-0.93;-1.07;1.14;-0.87;;1087;2643
Jun 2014;;;25.82;14.28;4.29;2.82;4.42;68.16;34.41;29.09;5.32;13.83;5.05;14.88;93.97;;59.56;;45.13;18.88;0.15;2.39;13.78;3.76;6.17;47.93;4.83;0.67;10.9;11.63;19.9;93.06;;-0.12;0.4;-1.19;-0.91;;1090;2635
Jul 2014;;;26.06;14.38;4.34;2.77;4.57;68.1;34.67;29.34;5.33;13.8;4.87;14.76;94.16;;59.49;;46.17;19.25;0.15;2.46;14.15;3.91;6.25;47.29;4.84;0.69;10.71;11.37;19.67;93.46;;-0.14;-0.33;-0.23;-0.7;;1094;2650
Aug 2014;;;25.83;14.5;4.28;2.8;4.25;68.78;34.99;29.64;5.35;13.89;4.9;14.99;94.61;;59.62;;45.66;19.37;0.16;2.38;13.72;3.88;6.14;47.65;4.99;0.67;11.06;11.12;19.81;93.31;;-0.19;-1.25;0.14;-1.3;;1100;2694
Sep 2014;;;26.12;14.56;4.32;2.78;4.46;68.99;35.34;29.89;5.44;13.77;4.98;14.91;95.11;;59.77;;45.89;19.2;0.14;2.47;14.2;3.78;6.1;48.94;4.93;0.7;12.3;11.26;19.73;94.83;;-0.47;0.1;0.09;-0.29;;1114;2706
Oct 2014;;;26.68;14.76;4.5;2.74;4.68;69.63;35.67;30.18;5.49;13.84;5.03;15.09;96.31;;60.64;;46.45;19.7;0.19;2.42;14.08;3.93;6.13;46.96;4.81;0.71;10.92;11.1;19.42;93.41;;0.2;0.46;-3.55;-2.9;;1108;2685
Nov 2014;;;26.88;14.92;4.51;2.74;4.72;68.96;35.13;29.63;5.5;13.94;5.09;14.8;95.84;;60.71;;45.59;19.39;0.16;2.36;13.2;4.28;6.2;47.74;4.82;0.68;11.75;11.61;18.88;93.33;;-0.29;0.15;-2.37;-2.51;;1117;2689
Dec 2014;;;27.33;15.19;4.61;2.73;4.79;69.22;35.38;29.9;5.48;14.1;5.12;14.62;96.55;;61.16;;47.06;19.49;0.13;2.42;13.53;5.02;6.47;49.32;4.83;0.64;12.86;11.6;19.4;96.38;;-0.44;0.45;-0.18;-0.17;;1131;2689
Jan 2015;;;26.78;14.77;4.69;2.63;4.7;68.58;35.01;29.51;5.51;14.15;5.06;14.36;95.36;;60.35;;45.8;19.27;0.15;2.48;13.11;4.57;6.22;46.96;4.52;0.65;11.65;11.58;18.55;92.76;;-0.7;-0.38;-1.52;-2.6;;1152;2723
Feb 2015;;;26.96;14.94;4.73;2.7;4.59;68.28;34.89;29.41;5.48;14.07;5.04;14.29;95.24;;60.35;;47.94;19.67;0.15;2.57;14.02;5.09;6.45;47.99;4.61;0.66;12.01;12.06;18.64;95.92;;-0.01;0.2;0.49;0.68;;1153;2717
Mar 2015;;;26.99;15.08;4.62;2.68;4.61;69.27;35.63;30.24;5.39;14.25;5.08;14.3;96.25;;60.62;;46.35;19.35;0.2;2.37;13.62;4.55;6.26;46.78;4.29;0.7;11.24;11.8;18.75;93.13;;-1.06;-0.74;-1.33;-3.13;;1186;2773
Apr 2015;;;26.94;15.36;4.28;2.54;4.76;69.43;35.89;30.39;5.5;13.94;5.08;14.51;96.36;;60.47;;45.93;19.26;0.12;2.32;13.83;4.21;6.2;48.96;4.66;0.67;12.74;11.94;18.95;94.89;;-0.86;-0.04;-0.57;-1.47;;1211;2800
May 2015;;;26.53;15.22;3.98;2.57;4.75;69.98;36.11;30.64;5.47;14.1;5.1;14.67;96.51;;60.4;;44.72;19.32;0.16;2.36;13.21;3.64;6.02;47.54;4.78;0.69;10.68;12;19.39;92.26;;-0.68;-1.36;-2.21;-4.25;;1231;2862
Jun 2015;;;26.59;15.06;4.19;2.6;4.74;70.62;36.5;31.09;5.41;13.91;5.23;14.97;97.2;;60.7;;46.49;19.85;0.16;2.43;14.14;3.73;6.2;50.39;4.92;0.71;12.73;12.06;19.97;96.88;;-0.34;0.34;-0.32;-0.32;;1240;2861
Jul 2015;;;27.21;15.24;4.6;2.63;4.74;70.52;36.68;31.3;5.38;14.04;5.09;14.72;97.73;;61.06;;47.24;20.12;0.15;2.47;14.33;3.85;6.31;49.7;5.01;0.7;12.84;11.62;19.54;96.94;;0.06;-0.37;-0.48;-0.8;;1237;2869
Aug 2015;;;27.23;15.23;4.74;2.61;4.65;70.45;36.38;31.09;5.29;14;5.1;14.97;97.68;;61.3;;47;19.93;0.17;2.49;14.12;3.96;6.34;48.37;5.1;0.72;11.46;11.54;19.55;95.37;;-0.72;-1.25;-0.34;-2.31;;1259;2930
Sep 2015;;;26.77;15.26;4.28;2.61;4.62;70.6;36.66;31.22;5.44;13.91;5.14;14.88;97.37;;60.71;;46.85;19.44;0.14;2.5;14.58;3.91;6.29;49.78;4.81;0.71;12.1;11.97;20.2;96.63;;-0.31;0.11;-0.54;-0.74;;1268;2936
Oct 2015;;;27.08;15.23;4.4;2.62;4.83;70.45;36.41;30.99;5.41;14.03;5.08;14.93;97.53;;61.13;;46.38;19.47;0.19;2.48;14.04;3.88;6.32;48.46;4.78;0.69;11.45;11.78;19.76;94.83;;-0.26;0.15;-2.58;-2.7;;1277;2940
Nov 2015;;;27.41;15.25;4.67;2.6;4.89;70.56;36.6;31.12;5.49;14.17;5.12;14.67;97.97;;61.37;;45.8;19.11;0.16;2.44;13.62;4.03;6.44;48.51;4.84;0.72;11.5;11.96;19.48;94.3;;-0.49;-0.08;-3.1;-3.67;;1291;2957
Dec 2015;;;27.44;15.14;4.76;2.6;4.94;70.52;36.66;31.1;5.55;14.22;5.1;14.54;97.96;;61.31;;47.46;19.6;0.13;2.4;14;4.66;6.67;50.61;4.93;0.71;13.14;12.35;19.49;98.07;;0.24;-0.72;0.59;0.11;;1284;2972
Jan 2016;;;27.23;15;4.8;2.6;4.83;70.43;37.04;31.49;5.55;14.28;5;14.1;97.65;;60.61;;45.5;19.06;0.13;2.45;12.95;4.39;6.51;47.29;4.45;0.69;11.24;12.5;18.4;92.79;;-1.02;-0.88;-2.96;-4.86;;1316;3031
Feb 2016;;;26.9;14.84;4.72;2.53;4.81;69.97;36.55;31.07;5.49;14.3;4.99;14.12;96.86;;60.31;;47.75;19.84;0.13;2.42;13.92;4.68;6.76;50.03;4.71;0.71;13.19;12.83;18.59;97.79;;-0.15;-0;1.08;0.92;;1320;3035
Mar 2016;;;26.96;15.04;4.64;2.53;4.76;69.92;36.7;31.16;5.54;14.34;4.93;13.94;96.88;;60.18;;47.16;19.75;0.17;2.39;13.97;4.4;6.46;49.61;4.58;0.71;12.63;12.89;18.81;96.77;;-0.18;0.52;-0.45;-0.11;;1326;3025
Apr 2016;;;26.38;14.86;4.3;2.5;4.72;70.26;36.82;31.27;5.56;14.1;4.88;14.45;96.63;;59.81;;46.2;19.35;0.11;2.35;14.06;3.97;6.38;50.16;4.46;0.72;13.17;13.08;18.73;96.36;;-0.36;0;0.08;-0.27;;1336;3035
May 2016;;;25.82;15.04;3.66;2.5;4.62;70.38;36.73;31.29;5.44;13.99;4.83;14.83;96.2;;59.46;;45.53;19.33;0.15;2.39;13.7;3.57;6.4;50.2;4.53;0.73;12.89;12.76;19.28;95.73;;-0.5;-0.33;0.36;-0.47;;1352;3061
Jun 2016;;;25.71;14.83;3.96;2.52;4.4;71.01;37.16;31.73;5.44;14.13;4.89;14.82;96.72;;59.56;;46.59;19.83;0.14;2.48;14.11;3.56;6.47;49.88;4.75;0.76;12.46;12.2;19.71;96.46;;0.02;-0.14;-0.14;-0.26;;1351;3064
Jul 2016;;;26.77;14.86;4.59;2.5;4.82;71.01;37.34;31.81;5.53;13.91;4.8;14.97;97.78;;60.44;;46.56;19.75;0.13;2.49;14.12;3.77;6.29;49.2;4.9;0.74;11.92;12.25;19.38;95.76;;-0.57;-1.11;-0.33;-2.02;;1369;3116
Aug 2016;;;26.39;14.65;4.73;2.48;4.53;70.39;37.23;31.68;5.55;13.58;4.74;14.83;96.78;;59.54;;48.14;20.26;0.15;2.62;14.66;3.86;6.6;50.77;5.08;0.74;12.56;12.54;19.86;98.91;;-0.01;0.51;1.64;2.14;;1369;3101
Sep 2016;;;25.8;14.46;4.73;2.43;4.18;71.13;37.23;31.74;5.49;14.19;4.76;14.96;96.94;;59.71;;47.24;19.77;0.13;2.54;14.62;3.72;6.46;49.54;4.85;0.72;12.65;12.24;19.08;96.78;;0.52;0.42;-1.1;-0.15;;1353;3073
Oct 2016;;;26.64;14.78;4.79;2.41;4.66;71.5;37.58;32;5.58;14.48;4.65;14.78;98.14;;60.56;;46.72;19.68;0.17;2.43;14.36;3.77;6.31;48.66;4.88;0.74;11.56;12.6;18.88;95.38;;-0.02;0.4;-3.13;-2.76;;1354;3061
Nov 2016;;;27.38;15;5.12;2.39;4.88;71.91;38.03;32.39;5.64;14.47;4.79;14.63;99.29;;61.26;;47.28;19.69;0.15;2.47;14.13;4.15;6.68;50.18;4.91;0.72;12.93;12.78;18.83;97.45;;-0.08;0.78;-2.54;-1.84;;1357;3040
Dec 2016;;;26.74;14.75;4.9;2.35;4.74;71.4;37.77;32.25;5.52;14.53;4.81;14.29;98.14;;60.37;;48.22;19.99;0.12;2.55;14.12;4.59;6.86;50.64;4.91;0.72;13.53;12.6;18.88;98.86;;0.86;0.62;-0.76;0.72;;1330;2994
Jan 2017;;;26.86;14.77;5.09;2.34;4.66;70.1;36.72;31.31;5.41;14.5;4.76;14.12;96.96;;60.24;;46.03;19.29;0.14;2.39;13.59;4.17;6.45;49.15;4.21;0.71;12.76;12.95;18.52;95.17;;-0.78;-1.66;0.65;-1.79;;1354;3070
Feb 2017;;;27.32;15.18;5.11;2.34;4.69;69.59;36.58;31.19;5.39;14.23;4.71;14.07;96.91;;60.33;;47.01;19.15;0.13;2.37;13.99;4.56;6.81;49.9;4.5;0.73;12.82;12.88;18.98;96.9;;0.08;0.2;-0.29;-0.01;;1352;3062
Mar 2017;;;27.35;15.37;4.88;2.34;4.77;69.26;36.18;30.82;5.36;14.41;4.75;13.92;96.61;;60.44;;47.78;20.06;0.14;2.42;14.21;4.28;6.68;51.09;4.36;0.73;13.44;13.43;19.12;98.87;;0.6;0.47;1.19;2.26;;1337;3032
Apr 2017;;;26.77;15.27;4.47;2.32;4.7;69.61;36.28;30.9;5.38;14.41;4.77;14.15;96.38;;60.1;;46.17;19.62;0.14;2.2;13.95;3.85;6.42;50.46;4.48;0.74;13.07;13.2;18.97;96.63;;0.1;-0.59;0.75;0.25;;1336;3050
May 2017;;;26.97;15.48;4.62;2.33;4.55;70.35;36.75;31.4;5.36;14.32;4.74;14.54;97.32;;60.57;;47.18;20.05;0.15;2.45;14.35;3.56;6.63;51.88;4.51;0.76;13.68;13.45;19.48;99.06;;-0.2;0.25;1.69;1.74;;1347;3053
Jun 2017;;;26.94;15.5;4.67;2.32;4.45;71.1;37.19;31.83;5.36;14.3;4.86;14.74;98.04;;60.84;;48.19;20.57;0.15;2.48;14.84;3.53;6.63;52.64;4.75;0.76;13.59;13.46;20.08;100.82;;0.81;0.59;1.39;2.79;;1328;3016
Jul 2017;;;27.4;15.57;4.95;2.29;4.6;71.26;37.38;32.05;5.33;14.26;4.74;14.88;98.66;;61.28;;47.7;20.13;0.16;2.5;14.73;3.64;6.54;51.09;4.82;0.76;12.7;13.05;19.75;98.79;;0.37;-0.62;0.37;0.13;;1317;3024
Aug 2017;;;27.31;15.57;5.1;2.21;4.42;70.69;37.24;31.92;5.32;14.11;4.68;14.66;98.01;;60.76;;47.98;20.27;0.16;2.6;14.67;3.75;6.52;51.07;4.81;0.77;12.54;13.03;19.93;99.05;;0.39;0.33;0.34;1.05;;1305;3002
Sep 2017;;;26.88;15.63;4.92;2.01;4.32;71.15;37.35;32.06;5.28;14.22;4.7;14.88;98.03;;60.68;;47.63;19.63;0.16;2.52;15.08;3.68;6.55;52.36;4.82;0.76;13.84;13.11;19.82;99.98;;0.3;1.16;0.49;1.95;;1301;2963
Oct 2017;;;27.88;16.18;4.94;2.18;4.58;70.73;37.14;31.87;5.27;14.15;4.7;14.74;98.61;;61.47;;47.36;19.97;0.15;2.52;14.61;3.65;6.45;51.02;4.74;0.79;12.83;13.18;19.48;98.38;;1.16;0.42;-1.82;-0.24;;1270;2919
Nov 2017;;;28.74;16.82;5.27;2.13;4.51;70.37;36.9;31.63;5.26;14.27;4.75;14.46;99.11;;62.22;;48.54;20.31;0.15;2.6;14.63;4.15;6.69;52.51;4.72;0.77;14.32;13.54;19.16;101.06;;0.6;0.37;0.98;1.95;;1259;2898
Dec 2017;;;28.32;16.53;5.35;2.13;4.31;69.84;36.72;31.48;5.25;14.31;4.69;14.11;98.15;;61.43;;48.47;20.32;0.15;2.49;14.27;4.55;6.68;51.03;4.66;0.74;12.86;13.5;19.26;99.5;;0.92;0.61;-0.19;1.34;;1229;2849
Jan 2018;;;28.56;16.38;5.2;2.2;4.79;70.12;37.02;31.76;5.26;14.34;4.75;14;98.68;;61.66;;47.39;20.56;0.13;2.45;13.41;4.31;6.53;50.43;4.35;0.7;13.3;13.52;18.55;97.82;;0.41;-1.01;-0.25;-0.85;;1215;2866
Feb 2018;;;29.02;16.82;5.36;2.16;4.68;69.91;36.86;31.59;5.27;14.39;4.71;13.95;98.93;;62.07;;48.23;19.69;0.13;2.48;14.65;4.62;6.67;51.21;4.58;0.72;13.71;13.4;18.8;99.45;;0.14;0.44;-0.07;0.52;;1210;2848
Mar 2018;;;29.3;17.2;5.4;2.12;4.57;69.95;36.69;31.41;5.28;14.37;4.77;14.12;99.25;;62.56;;48.13;20.73;0.13;2.33;14.32;4.09;6.53;51.5;4.47;0.73;13.63;13.85;18.82;99.63;;0.46;0.95;-1.03;0.38;;1196;2805
Apr 2018;;;29.17;17.3;5.03;2.16;4.68;70.24;36.65;31.34;5.31;14.3;4.76;14.53;99.41;;62.76;;46.97;20.04;0.13;2.35;14.28;3.68;6.5;51.65;4.4;0.73;13.91;13.64;18.96;98.63;;-0.12;0.07;-0.73;-0.79;;1201;2808
May 2018;;;28.98;17.33;5.18;2.12;4.34;70.42;36.54;31.23;5.31;14.36;4.75;14.78;99.4;;62.87;;47.06;20.25;0.14;2.5;14.1;3.51;6.56;52.23;4.54;0.75;13.72;13.86;19.36;99.29;;-0.17;0.12;-0.07;-0.11;;1210;2813
Jun 2018;;;29.29;17.57;5.11;2.1;4.5;70.83;36.54;31.23;5.31;14.46;4.84;14.99;100.12;;63.58;;47.68;20.77;0.14;2.46;14.44;3.31;6.56;52.58;4.73;0.75;13.56;13.63;19.91;100.27;;0.11;0.28;-0.24;0.15;;1207;2802
Jul 2018;;;30.05;17.97;5.33;2.1;4.65;70.87;36.58;31.29;5.3;14.61;4.7;14.98;100.92;;64.33;;48.34;20.67;0.15;2.64;14.85;3.58;6.46;52.35;4.79;0.76;13.51;13.52;19.77;100.7;;-0.19;-0.57;0.54;-0.22;;1213;2825
Aug 2018;;;30.8;18.66;5.61;2.07;4.46;70.66;36.83;31.53;5.3;14.39;4.74;14.7;101.45;;64.63;;48.99;21.36;0.16;2.63;14.74;3.67;6.44;52.06;4.9;0.76;13.1;13.42;19.87;101.05;;-0.62;-0.26;0.47;-0.41;;1232;2852
Sep 2018;;;30.13;18.63;5.19;2.08;4.24;71.04;36.96;31.67;5.29;14.71;4.67;14.7;101.17;;64.21;;47.33;20.08;0.16;2.68;14.51;3.57;6.33;52.45;4.81;0.76;13.82;13.35;19.71;99.77;;-1.31;1.22;-1.31;-1.4;;1271;2855
Oct 2018;;;30.78;18.6;5.51;2;4.67;71.3;37.13;31.84;5.29;14.76;4.76;14.65;102.07;;64.95;;48.15;20.79;0.15;2.73;14.61;3.7;6.18;51.6;4.64;0.78;13.01;13.64;19.52;99.75;;0.52;-0.13;-2.72;-2.33;;1260;2848
Nov 2018;;;31.26;19.03;5.6;1.93;4.7;70.9;36.88;31.6;5.29;14.81;4.76;14.46;102.17;;65.28;;48.06;20.77;0.15;2.61;14.19;3.94;6.41;52.08;4.71;0.77;13.83;13.69;19.08;100.14;;0.26;-0.04;-2.25;-2.02;;1258;2847
Dec 2018;;;31.36;19.09;5.63;1.92;4.72;70.17;36.11;30.82;5.29;14.92;4.82;14.31;101.53;;65.42;;47.11;20.33;0.15;2.4;13.64;4.27;6.32;52.77;4.75;0.74;14.22;13.9;19.16;99.88;;-0.02;-0.37;-1.25;-1.65;;1259;2859
Jan 2019;;;30.7;18.85;5.37;1.86;4.63;69.21;35.51;30.16;5.35;14.84;4.84;14.01;99.9;;64.39;;47.73;20.61;0.11;2.29;14.01;4.13;6.58;51.06;4.58;0.72;13.7;13.65;18.4;98.79;;-0.2;-0.11;-0.81;-1.12;;1265;2869
Feb 2019;;;30.69;18.7;5.39;1.94;4.66;68.98;35.45;30.09;5.36;14.82;4.81;13.9;99.68;;64.22;;48.11;20.28;0.11;2.36;14.37;4.39;6.6;51.74;4.82;0.74;14.12;13.4;18.65;99.84;;0.6;-0.55;0.12;0.17;;1248;2868
Mar 2019;;;30.99;18.96;5.47;1.93;4.62;68.73;34.99;29.59;5.39;14.72;4.93;14.09;99.72;;64.73;;46.65;20.18;0.11;2.23;13.93;3.9;6.31;52.07;4.71;0.75;14.04;13.88;18.7;98.72;;0.1;0.01;-1.1;-0.99;;1245;2864
Apr 2019;;;31.34;19.31;5.52;1.91;4.6;68.64;35.05;29.66;5.39;14.33;4.86;14.41;99.98;;64.94;;47.6;20.33;0.12;2.32;14.51;3.66;6.66;52.3;4.63;0.76;14.33;13.74;18.84;99.91;;-0.6;0.4;0.12;-0.08;;1264;2870
May 2019;;;31.04;19.39;5.34;1.9;4.42;68.74;34.72;29.34;5.38;14.23;4.86;14.93;99.78;;65.06;;46.6;20.39;0.12;2.35;14;3.39;6.35;52.88;4.77;0.78;14.12;13.96;19.24;99.48;;-1.28;-0.12;1.1;-0.3;;1307;2918
Jun 2019;;;31;19.42;5.48;1.9;4.21;69.22;34.8;29.43;5.38;14.59;4.96;14.87;100.22;;65.42;;47.42;20.65;0.12;2.55;14.24;3.39;6.46;53.13;4.98;0.78;13.96;13.62;19.79;100.55;;0.1;-0.24;0.47;0.33;;1304;2922
Jul 2019;;;30.96;19.03;5.48;1.9;4.55;68.76;34.38;29;5.38;14.56;4.87;14.94;99.72;;65.33;;48.56;20.73;0.13;2.6;14.99;3.48;6.62;53.1;5.04;0.79;13.91;13.71;19.65;101.65;;-0.16;-0.46;2.56;1.94;;1309;2941
Aug 2019;;;31.5;19.68;5.5;1.93;4.39;69.35;34.61;29.25;5.36;14.57;4.85;15.32;100.84;;66.23;;48.89;21.16;0.13;2.83;14.58;3.51;6.67;52.78;5.16;0.79;13.48;13.59;19.76;101.67;;0.27;-1.1;1.66;0.82;;1301;2967
Sep 2019;;;31.6;19.84;5.36;1.95;4.45;67.56;33;27.68;5.31;14.51;4.85;15.2;99.16;;66.16;;47.48;20.25;0.13;2.68;14.61;3.56;6.25;52.94;5.07;0.79;14.22;13.26;19.6;100.42;;0.08;1.12;0.07;1.27;;1298;2931
Oct 2019;;;32.05;20.09;5.43;1.9;4.64;68.95;34.42;29.14;5.28;14.52;4.84;15.17;101;;66.58;;47.84;20.71;0.12;2.63;14.58;3.44;6.36;52.13;4.89;0.81;13.38;13.63;19.42;99.98;;0.53;1.16;-2.72;-1.03;;1286;2882
Nov 2019;;;32.88;20.43;5.62;1.94;4.89;68.8;34.3;29;5.29;14.67;4.86;14.97;101.68;;67.39;;47.93;20.74;0.12;2.59;14.04;3.83;6.61;52.87;4.96;0.8;14.23;13.91;18.98;100.81;;0.28;-0.28;-0.88;-0.88;;1283;2888
Dec 2019;;;33.06;20.41;5.77;1.95;4.94;68.26;34.21;28.91;5.31;14.69;4.83;14.53;101.33;;67.11;;47.89;20.44;0.12;2.65;13.75;4.24;6.69;53.42;5;0.76;14.62;13.97;19.06;101.32;;0.04;0.27;-0.32;-0.01;;1282;2879
Jan 2020;;;32.97;20.5;5.57;1.99;4.9;67.94;33.8;28.67;5.13;14.72;4.93;14.5;100.91;;67.11;;46.05;19.93;0.16;2.39;13.39;3.8;6.39;50.23;4.33;0.71;14.36;13.63;17.21;96.28;;-0.58;-0.16;-3.89;-4.63;;1300;2902
Feb 2020;;;32.83;20.17;5.69;1.99;4.99;66.95;33.06;27.95;5.11;14.71;4.86;14.31;99.78;;66.72;;47.24;20.13;0.15;2.6;13.91;4.04;6.41;50.34;4.53;0.71;13.73;13.76;17.6;97.59;;0.59;0.28;-3.07;-2.2;;1283;2876
Mar 2020;;;32.79;20.31;5.6;2.01;4.87;67.28;33.27;28.19;5.08;14.69;4.88;14.44;100.07;;66.8;;43.3;18.46;0.2;2.28;12.73;3.51;6.11;47.99;4.4;0.71;13.56;12.44;16.88;91.28;;-1.42;-1.59;-5.78;-8.78;;1327;2970
Apr 2020;;;30.46;18.48;4.97;2;5.02;68.96;35.28;30.18;5.1;14.74;4.81;14.14;99.42;;64.14;;34.93;14.55;0.12;1.75;10.36;3.12;5.04;45.55;4.3;0.68;14.16;10.42;15.98;80.48;;-2.66;-2.38;-13.89;-18.94;;1404;3118
May 2020;;;27.66;16.24;4.71;1.91;4.8;60.45;29.33;24.31;5.02;12.48;4.83;13.81;88.11;;58.78;;37.14;16.08;0.17;1.97;10.7;2.77;5.45;47.5;4.42;0.68;14.13;11.79;16.48;84.64;;-1.26;-1.96;-0.24;-3.47;;1432;3208
Jun 2020;;;29.2;17.63;4.98;1.9;4.69;59.02;27.37;22.35;5.02;12.27;4.92;14.46;88.22;;60.85;;40.33;17.58;0.16;2.17;12;2.9;5.51;49.48;4.62;0.71;13.95;12.63;17.57;89.81;;-1.11;0.9;1.8;1.59;;1458;3206
Jul 2020;;;30.15;18.49;4.94;1.88;4.84;59.9;28.01;22.98;5.04;12.32;4.85;14.72;90.05;;62.04;;42.18;18.38;0.15;2.19;12.99;3.02;5.44;50.19;4.77;0.71;14.49;12.55;17.68;92.38;;0.12;-0.26;2.47;2.32;;1454;3211
Aug 2020;;;29.5;18.05;4.84;1.92;4.69;61.53;29.02;23.94;5.08;12.87;4.9;14.75;91.03;;62.01;;41.95;18.56;0.17;2.32;12.44;3.08;5.39;50.06;4.85;0.71;14.33;12.34;17.81;92.01;;0.81;-0.44;0.62;0.98;;1438;3208
Sep 2020;;;29.64;18.34;4.97;1.92;4.41;61.33;29.03;23.98;5.05;12.89;4.9;14.52;90.98;;61.95;;42.66;18.41;0.14;2.24;13.19;3.1;5.57;51.29;4.78;0.72;15.14;12.74;17.91;93.95;;0.66;0.84;1.47;2.97;;1423;3168
Oct 2020;;;29.66;17.88;5.26;1.89;4.63;61.61;29.37;24.32;5.05;13.03;4.84;14.37;91.27;;61.9;;42.68;18.61;0.19;2.06;12.95;3.19;5.67;50.76;4.61;0.73;14.34;13.38;17.71;93.44;;1.31;0.4;0.46;2.17;;1386;3119
Nov 2020;;;30.87;18.67;5.58;1.89;4.72;62.03;30.14;25.07;5.07;13.13;4.86;13.91;92.9;;62.76;;42.73;18.74;0.17;2.26;12.33;3.48;5.75;52.18;4.67;0.72;15.28;14.03;17.48;94.9;;-0.06;0.73;1.34;2;;1389;3099
Dec 2020;;;30.91;18.32;5.73;1.91;4.96;61.91;30.35;25.25;5.09;13.16;4.8;13.6;92.83;;62.48;;43.1;18.8;0.13;2.09;12.25;3.93;5.89;52.46;4.73;0.72;15.71;13.58;17.72;95.56;;1.46;0.94;0.33;2.73;;1343;3025
Jan 2021;;;30.95;18.4;5.72;1.9;4.93;62.62;30.48;25.32;5.17;13.3;5;13.84;93.58;;63.1;;41.39;18.6;0.18;2;11.22;3.78;5.62;51.07;4.55;0.73;15;13.36;17.43;92.46;;0.43;-0.44;-1.1;-1.11;;1330;3025
Feb 2021;;;28.11;15.86;5.51;1.93;4.8;62.06;30.04;24.88;5.16;13.36;4.95;13.72;90.17;;60.13;;41.69;17.44;0.18;2.18;12.02;3.83;6.04;52.31;4.77;0.74;15.45;13.72;17.64;94.01;;1.27;1;1.57;3.84;;1295;2962
Mar 2021;;;30.96;18.42;5.62;1.95;4.97;62.5;30.19;25.02;5.16;13.47;5.03;13.8;93.45;;63.27;;43.76;19.2;0.23;2.19;12.51;3.58;6.04;52.05;4.64;0.74;15.35;13.73;17.58;95.8;;-0.23;1.88;0.7;2.35;;1302;2911
Apr 2021;;;30.68;18.9;5.24;1.95;4.59;63.05;30.25;25;5.26;13.62;5;14.17;93.73;;63.48;;43.04;19.46;0.15;2.06;12.3;3.26;5.81;52.12;4.57;0.74;15.67;13.48;17.66;95.16;;0.56;-0.24;1.11;1.43;;1289;2905
May 2021;;;30.84;19.19;5.33;1.95;4.37;63.85;30.72;25.46;5.26;13.63;5.02;14.48;94.69;;63.96;;43.34;20.09;0.2;2.05;12.16;2.93;5.92;51.81;4.7;0.74;15.45;12.88;18.03;95.15;;0.05;-0.39;0.8;0.46;;1294;2922
Jun 2021;;;30.72;19.07;5.52;1.94;4.19;64.43;31.26;26.02;5.25;13.59;5.07;14.5;95.15;;63.89;;45.59;20.54;0.19;2.39;13.4;3.06;6.01;52.71;4.9;0.75;15.28;13.1;18.68;98.3;;0.95;1.04;1.15;3.15;;1271;2868
Jul 2021;;;31.39;19.13;5.65;1.93;4.68;65.38;32.02;26.72;5.3;13.66;4.99;14.71;96.77;;64.75;;45.2;19.89;0.18;2.36;13.72;3.12;5.92;52.51;5.04;0.75;15.07;13.09;18.57;97.71;;0.08;1;-0.14;0.94;;1269;2835
Aug 2021;;;31.22;19.09;5.47;1.86;4.81;65;32.01;26.7;5.31;13.37;5;14.61;96.22;;64.2;;45.66;20.51;0.2;2.43;13.61;3.11;5.81;51.99;5.14;0.75;14.53;12.82;18.75;97.65;;0.89;0.06;0.48;1.43;;1241;2805
Sep 2021;;;30.57;18.61;5.34;1.9;4.73;65.81;32.42;27.11;5.32;13.73;5.04;14.63;96.39;;63.97;;46.2;20.22;0.17;2.45;14.17;3.32;5.87;53.08;5.06;0.72;15.35;13.12;18.83;99.27;;0.14;1.86;0.89;2.88;;1241;2749
Oct 2021;;;32.05;19.65;5.71;1.91;4.76;65.78;32.71;27.38;5.34;14.12;4.96;13.99;97.83;;65.12;;45.7;19.89;0.22;2.31;14.1;3.35;5.83;52.71;4.89;0.77;14.53;13.68;18.84;98.41;;0.02;0.13;0.44;0.58;;1247;2751
Nov 2021;;;32.35;20.01;5.78;1.93;4.62;66.24;33.14;27.75;5.4;14.28;4.97;13.84;98.59;;65.44;;45.86;20.59;0.18;2.4;13.41;3.24;6.04;53.65;4.89;0.75;15.42;13.84;18.74;99.51;;0.93;-0;-0.01;0.92;;1229;2733
Dec 2021;;;32.55;20.01;5.81;1.93;4.8;66.04;33.36;27.86;5.5;14.3;4.88;13.49;98.59;;65.23;;46.47;20.7;0.15;2.39;13.12;3.82;6.29;54.71;5.03;0.75;16.01;14.13;18.79;101.18;;1.58;0.32;0.69;2.59;;1188;2682
Jan 2022;;;32.44;19.77;5.9;1.97;4.79;66.56;33.4;27.76;5.64;14.36;5.02;13.78;99;;65.59;;45.59;20.67;0.18;2.31;12.64;3.73;6.04;53.44;4.73;0.76;15.42;13.86;18.67;99.03;;0.46;-0.14;-0.29;0.03;;1178;2676
Feb 2022;;;32.46;19.81;5.87;1.96;4.82;67.41;33.94;28.38;5.56;14.45;5.01;14.01;99.87;;65.94;;46.18;19.86;0.18;2.35;13.61;3.94;6.24;54.46;4.97;0.76;15.62;14.25;18.86;100.64;;0.17;0.19;0.4;0.77;;1183;2675
Mar 2022;;;32.42;19.85;5.83;1.95;4.78;67.51;33.93;28.39;5.53;14.48;5.01;14.1;99.93;;66.01;;45.72;20.13;0.24;2.27;13.39;3.55;6.14;53.8;4.83;0.77;15.52;14.16;18.52;99.51;;0.1;-0.17;-0.35;-0.42;;1190;2688
Apr 2022;;;32.67;20.05;5.85;1.93;4.83;67.89;33.81;28.36;5.45;14.55;5.02;14.52;100.55;;66.75;;45.18;20.26;0.15;2.23;13.4;3.22;5.92;54.12;4.75;0.76;16.07;14.17;18.37;99.29;;-0.81;-0.14;-0.31;-1.26;;1217;2719
May 2022;;;32.62;20.16;5.82;1.94;4.71;68.48;33.93;28.49;5.45;14.57;5.04;14.94;101.1;;67.17;;45.14;20.56;0.2;2.29;13.07;2.99;6.02;54.56;4.87;0.76;15.91;14.31;18.71;99.7;;-0.75;-0.2;-0.45;-1.4;;1243;2752
Jun 2022;;;32.69;20.23;5.83;1.92;4.71;68.92;34.15;28.68;5.47;14.69;5.07;15;101.61;;67.46;;46.04;20.86;0.19;2.35;13.56;3.03;6.05;55.11;5.07;0.77;15.76;14.18;19.32;101.15;;-0.5;0.01;0.02;-0.46;;1261;2769
Jul 2022;;;32.7;20.3;5.82;1.91;4.68;69.33;34.39;28.89;5.5;14.75;5.01;15.17;102.03;;67.63;;46.32;20.91;0.18;2.38;13.67;3.16;6.02;54.77;5.23;0.77;15.69;13.9;19.19;101.1;;-0.25;-0.21;-0.46;-0.93;;1269;2784
Aug 2022;;;33.02;20.64;5.85;1.9;4.64;69.35;34.41;28.89;5.52;14.71;5.04;15.18;102.37;;67.96;;46.56;21.06;0.2;2.44;13.51;3.25;6.1;54.35;5.32;0.77;15.21;13.77;19.28;100.91;;0.02;-0.47;-1.01;-1.46;;1268;2798
Sep 2022;;;32.88;20.59;5.88;1.88;4.52;69.45;34.38;28.89;5.49;14.8;5.06;15.21;102.32;;67.95;;46.11;20.53;0.17;2.39;13.86;3.17;5.99;55.2;5.24;0.77;16.05;13.81;19.32;101.31;;-0.21;-0.25;-0.55;-1.01;;1275;2812
Oct 2022;;;33.18;20.61;5.87;1.87;4.83;69.21;34.47;29;5.47;14.84;5.08;14.82;102.39;;67.92;;46.32;20.84;0.23;2.37;13.63;3.2;6.05;54.13;5.06;0.79;15.1;14;19.17;100.44;;0.25;-0.7;-1.5;-1.95;;1269;2828
Nov 2022;;;33.61;20.96;5.88;1.86;4.91;69.16;34.54;29;5.54;14.94;5.1;14.58;102.77;;68.23;;46.64;21.09;0.2;2.39;13.3;3.44;6.21;54.97;5.13;0.78;16.06;14.26;18.74;101.6;;0.05;-0.39;-0.83;-1.17;;1270;2841
Dec 2022;;;33.61;20.96;5.84;1.85;4.97;69.03;34.59;28.98;5.62;14.95;5.06;14.43;102.64;;68.05;;46.91;21.01;0.16;2.39;13.08;3.93;6.33;55.72;5.19;0.76;16.52;14.36;18.89;102.63;;0.73;-0.23;-0.51;-0.01;;1250;2828
Jan 2023;;;33.74;20.88;5.95;1.91;4.99;69.01;34.71;29.09;5.63;15;5.07;14.23;102.74;;68.03;;45.36;20.39;0.17;2.39;12.72;3.6;6.1;55.6;4.7;0.74;16.48;14.61;19.07;100.97;;-0.1;-0.52;-1.16;-1.78;;1256;2850
Feb 2023;;;33.81;20.94;5.92;1.9;5.04;68.97;34.63;29.09;5.54;14.99;5.06;14.29;102.78;;68.15;;46.66;20.33;0.17;2.43;13.6;3.84;6.29;56.89;4.96;0.76;16.85;15.03;19.28;103.54;;0.33;0.14;0.3;0.76;;1249;2840
Mar 2023;;;33.82;20.98;5.88;1.89;5.07;68.93;34.61;29.1;5.51;14.94;5.06;14.33;102.75;;68.14;;46.14;20.62;0.22;2.33;13.31;3.54;6.13;56.16;4.85;0.77;16.64;15.05;18.84;102.3;;0.05;-0.16;-0.35;-0.45;;1251;2845
Apr 2023;;;34;21.13;5.89;1.88;5.1;69.28;34.52;29.09;5.43;14.94;5.06;14.75;103.27;;68.75;;45.78;20.81;0.14;2.27;13.38;3.21;5.97;56.06;4.83;0.77;16.87;14.84;18.76;101.84;;-0.49;-0.29;-0.65;-1.43;;1268;2871
May 2023;;;33.94;21.2;5.86;1.86;5.02;69.58;34.5;29.07;5.43;14.79;5.09;15.21;103.53;;69.03;;45.54;20.98;0.19;2.33;13.07;2.95;6.02;56.32;4.97;0.78;16.53;14.96;19.09;101.86;;-0.66;-0.31;-0.7;-1.66;;1291;2904
Jun 2023;;;33.9;21.14;5.88;1.85;5.03;69.84;34.5;29.05;5.45;15;5.12;15.23;103.74;;69.24;;46.38;21.19;0.18;2.39;13.6;2.98;6.05;56.83;5.19;0.79;16.24;14.8;19.81;103.22;;-0.46;-0.02;-0.05;-0.53;;1307;2921
Jul 2023;;;33.89;21.13;5.86;1.84;5.06;69.88;34.51;29.03;5.48;15;5.05;15.31;103.77;;69.26;;46.59;21.17;0.17;2.41;13.71;3.11;6.02;56.1;5.27;0.78;16.07;14.36;19.63;102.7;;-0.33;-0.23;-0.51;-1.07;;1318;2939
Aug 2023;;;34.06;21.39;5.89;1.83;4.95;69.83;34.51;29.01;5.5;14.88;5.09;15.34;103.89;;69.37;;46.9;21.38;0.19;2.47;13.58;3.2;6.09;55.61;5.4;0.78;15.47;14.2;19.75;102.52;;-0.23;-0.36;-0.78;-1.37;;1323;2955
Sep 2023;;;33.84;21.26;5.92;1.82;4.84;69.98;34.47;29;5.47;14.96;5.11;15.45;103.83;;69.36;;46.5;20.84;0.16;2.42;13.96;3.13;5.99;56.29;5.32;0.79;16.2;14.26;19.72;102.79;;-0.21;-0.26;-0.57;-1.04;;1327;2967
Oct 2023;;;34.1;21.26;5.91;1.8;5.12;69.68;34.44;28.98;5.46;15;5.13;15.11;103.78;;69.34;;46.71;21.11;0.21;2.39;13.82;3.16;6.01;54.77;5.2;0.8;15.14;14.33;19.3;101.48;;0.41;-0.86;-1.85;-2.3;;1318;2985
Nov 2023;;;34.39;21.55;5.92;1.79;5.12;69.52;34.48;28.96;5.52;15.09;5.15;14.8;103.9;;69.43;;46.87;21.29;0.19;2.41;13.4;3.39;6.19;55.77;5.26;0.79;16;14.64;19.09;102.64;;0.37;-0.51;-1.12;-1.26;;1310;2992
Dec 2023;;;34.31;21.52;5.88;1.78;5.13;69.32;34.55;28.95;5.6;15.09;5.1;14.58;103.63;;69.09;;47.33;21.23;0.15;2.42;13.32;3.87;6.33;56.65;5.26;0.77;16.35;14.77;19.5;103.97;;0.96;-0.2;-0.43;0.34;;1284;2972
