"3a. International Petroleum and Other Liquids Production, Consumption, and Inventories"
"https://www.eia.gov/outlooks/steo/data/browser/#/?v=6&f=M&s=0&start=199701&end=202212&ctype=linechart&maptype=0&linechart=PAPR_OECD"
"Sun Oct 24 2021 17:59:41 GMT+0100 (British Summer Time)"
"Source: U.S. Energy Information Administration"
"remove","","map","linechart","units","source key","Jan 1997","Feb 1997","Mar 1997","Apr 1997","May 1997","Jun 1997","Jul 1997","Aug 1997","Sep 1997","Oct 1997","Nov 1997","Dec 1997","Jan 1998","Feb 1998","Mar 1998","Apr 1998","May 1998","Jun 1998","Jul 1998","Aug 1998","Sep 1998","Oct 1998","Nov 1998","Dec 1998","Jan 1999","Feb 1999","Mar 1999","Apr 1999","May 1999","Jun 1999","Jul 1999","Aug 1999","Sep 1999","Oct 1999","Nov 1999","Dec 1999","Jan 2000","Feb 2000","Mar 2000","Apr 2000","May 2000","Jun 2000","Jul 2000","Aug 2000","Sep 2000","Oct 2000","Nov 2000","Dec 2000","Jan 2001","Feb 2001","Mar 2001","Apr 2001","May 2001","Jun 2001","Jul 2001","Aug 2001","Sep 2001","Oct 2001","Nov 2001","Dec 2001","Jan 2002","Feb 2002","Mar 2002","Apr 2002","May 2002","Jun 2002","Jul 2002","Aug 2002","Sep 2002","Oct 2002","Nov 2002","Dec 2002","Jan 2003","Feb 2003","Mar 2003","Apr 2003","May 2003","Jun 2003","Jul 2003","Aug 2003","Sep 2003","Oct 2003","Nov 2003","Dec 2003","Jan 2004","Feb 2004","Mar 2004","Apr 2004","May 2004","Jun 2004","Jul 2004","Aug 2004","Sep 2004","Oct 2004","Nov 2004","Dec 2004","Jan 2005","Feb 2005","Mar 2005","Apr 2005","May 2005","Jun 2005","Jul 2005","Aug 2005","Sep 2005","Oct 2005","Nov 2005","Dec 2005","Jan 2006","Feb 2006","Mar 2006","Apr 2006","May 2006","Jun 2006","Jul 2006","Aug 2006","Sep 2006","Oct 2006","Nov 2006","Dec 2006","Jan 2007","Feb 2007","Mar 2007","Apr 2007","May 2007","Jun 2007","Jul 2007","Aug 2007","Sep 2007","Oct 2007","Nov 2007","Dec 2007","Jan 2008","Feb 2008","Mar 2008","Apr 2008","May 2008","Jun 2008","Jul 2008","Aug 2008","Sep 2008","Oct 2008","Nov 2008","Dec 2008","Jan 2009","Feb 2009","Mar 2009","Apr 2009","May 2009","Jun 2009","Jul 2009","Aug 2009","Sep 2009","Oct 2009","Nov 2009","Dec 2009","Jan 2010","Feb 2010","Mar 2010","Apr 2010","May 2010","Jun 2010","Jul 2010","Aug 2010","Sep 2010","Oct 2010","Nov 2010","Dec 2010","Jan 2011","Feb 2011","Mar 2011","Apr 2011","May 2011","Jun 2011","Jul 2011","Aug 2011","Sep 2011","Oct 2011","Nov 2011","Dec 2011","Jan 2012","Feb 2012","Mar 2012","Apr 2012","May 2012","Jun 2012","Jul 2012","Aug 2012","Sep 2012","Oct 2012","Nov 2012","Dec 2012","Jan 2013","Feb 2013","Mar 2013","Apr 2013","May 2013","Jun 2013","Jul 2013","Aug 2013","Sep 2013","Oct 2013","Nov 2013","Dec 2013","Jan 2014","Feb 2014","Mar 2014","Apr 2014","May 2014","Jun 2014","Jul 2014","Aug 2014","Sep 2014","Oct 2014","Nov 2014","Dec 2014","Jan 2015","Feb 2015","Mar 2015","Apr 2015","May 2015","Jun 2015","Jul 2015","Aug 2015","Sep 2015","Oct 2015","Nov 2015","Dec 2015","Jan 2016","Feb 2016","Mar 2016","Apr 2016","May 2016","Jun 2016","Jul 2016","Aug 2016","Sep 2016","Oct 2016","Nov 2016","Dec 2016","Jan 2017","Feb 2017","Mar 2017","Apr 2017","May 2017","Jun 2017","Jul 2017","Aug 2017","Sep 2017","Oct 2017","Nov 2017","Dec 2017","Jan 2018","Feb 2018","Mar 2018","Apr 2018","May 2018","Jun 2018","Jul 2018","Aug 2018","Sep 2018","Oct 2018","Nov 2018","Dec 2018","Jan 2019","Feb 2019","Mar 2019","Apr 2019","May 2019","Jun 2019","Jul 2019","Aug 2019","Sep 2019","Oct 2019","Nov 2019","Dec 2019","Jan 2020","Feb 2020","Mar 2020","Apr 2020","May 2020","Jun 2020","Jul 2020","Aug 2020","Sep 2020","Oct 2020","Nov 2020","Dec 2020","Jan 2021","Feb 2021","Mar 2021","Apr 2021","May 2021","Jun 2021","Jul 2021","Aug 2021","Sep 2021","Oct 2021","Nov 2021","Dec 2021","Jan 2022","Feb 2022","Mar 2022","Apr 2022","May 2022","Jun 2022","Jul 2022","Aug 2022","Sep 2022","Oct 2022","Nov 2022","Dec 2022"
"3a. International Petroleum and Other Liquids Production, Consumption, and Inventories","3a. International Petroleum and Other Liquids Production, Consumption, and Inventories",0,0,,,,,,,,,,,,,,,,,,,,,,,,,,,,,,,,,,,,,,,,,,,,,,,,,,,,,,,,,,,,,,,,,,,,,,,,,,,,,,,,,,,,,,,,,,,,,,,,,,,,,,,,,,,,,,,,,,,,,,,,,,,,,,,,,,,,,,,,,,,,,,,,,,,,,,,,,,,,,,,,,,,,,,,,,,,,,,,,,,,,,,,,,,,,,,,,,,,,,,,,,,,,,,,,,,,,,,,,,,,,,,,,,,,,,,,,,,,,,,,,,,,,,,,,,,,,,,,,,,,,,,,,,,,,,,,,,,,,,,,,,,,,,,,,,,,,,,,,,,,,,,,,,,,,,,,,,,
"Supply","Supply",0,0,"million barrels per day",,,,,,,,,,,,,,,,,,,,,,,,,,,,,,,,,,,,,,,,,,,,,,,,,,,,,,,,,,,,,,,,,,,,,,,,,,,,,,,,,,,,,,,,,,,,,,,,,,,,,,,,,,,,,,,,,,,,,,,,,,,,,,,,,,,,,,,,,,,,,,,,,,,,,,,,,,,,,,,,,,,,,,,,,,,,,,,,,,,,,,,,,,,,,,,,,,,,,,,,,,,,,,,,,,,,,,,,,,,,,,,,,,,,,,,,,,,,,,,,,,,,,,,,,,,,,,,,,,,,,,,,,,,,,,,,,,,,,,,,,,,,,,,,,,,,,,,,,,,,,,,,,,,,,,,,,
"OECD","OECD Petroleum Production",1,1,"million barrels per day","PAPR_OECD",23.46,23.74,23.48,23.48,23.08,22.79,23.39,23.06,23.51,23.90,23.84,24.09,23.96,23.95,23.75,23.95,23.34,23.38,23.19,22.74,22.64,22.85,23.41,23.28,23.01,23.05,22.70,22.66,22.62,22.06,22.93,22.65,22.72,23.21,23.73,23.86,23.61,23.59,23.62,23.23,23.16,23.16,23.27,23.05,23.07,23.01,23.51,23.25,23.08,23.29,23.62,23.44,23.07,22.82,23.34,22.94,23.38,23.61,23.88,24.02,23.83,23.85,23.44,23.96,23.74,23.50,23.39,23.07,22.70,23.21,23.57,23.78,23.58,23.78,23.64,23.12,22.87,22.66,23.16,23.01,23.23,23.34,23.41,23.91,23.40,23.32,23.42,23.21,22.96,23.07,23.07,22.11,21.95,22.57,23.06,22.66,22.52,22.69,22.60,22.94,22.99,22.12,21.75,21.70,20.42,20.77,21.68,21.90,22.11,21.99,21.69,21.75,21.65,21.26,21.84,21.56,21.47,21.69,21.74,21.81,21.69,21.91,21.80,21.98,21.58,21.13,21.62,20.96,21.14,21.50,21.47,21.51,21.38,21.36,21.42,21.19,21.39,20.89,21.45,20.74,19.23,20.80,21.29,21.09,21.05,21.43,21.36,21.06,20.77,20.73,21.39,20.83,21.04,21.39,21.54,21.41,21.57,21.85,22.11,21.95,21.89,21.21,21.44,21.30,21.42,21.89,22.13,22.31,21.98,21.35,21.86,21.92,21.30,21.38,21.55,21.83,21.54,22.35,22.68,22.96,22.85,23.19,22.83,22.95,22.71,22.34,22.58,22.36,21.97,22.92,23.43,23.75,23.37,23.37,23.61,23.84,23.56,23.49,24.30,24.26,24.30,24.37,24.99,25.25,25.19,25.41,25.64,25.85,25.55,25.97,26.21,25.98,26.27,26.83,27.03,27.48,26.94,27.12,27.15,27.10,26.69,26.74,27.37,27.39,26.93,27.24,27.57,27.60,27.43,27.10,27.17,26.58,26.02,25.92,26.97,26.60,26.01,26.85,27.59,26.95,27.01,27.47,27.50,26.92,27.12,27.09,27.55,27.46,27.03,28.03,28.89,28.47,28.70,29.17,29.44,29.31,29.13,29.44,30.19,30.94,30.28,30.91,31.40,31.52,30.84,30.84,31.14,31.48,31.20,31.15,31.09,31.64,31.74,32.20,33.03,33.22,33.15,33.02,32.97,30.64,27.84,29.38,30.34,29.68,29.83,29.84,31.05,31.09,31.07,28.22,31.07,30.79,30.94,30.84,31.54,30.71,30.35,31.47,31.74,31.98,32.32,32.32,32.46,32.48,32.45,32.59,32.61,32.84,32.76,32.99,33.42,33.41
"U.S. (50 States)","U.S. (50 States) Petroleum Production",1,1,"million barrels per day","PAPR_US",9.23,9.52,9.42,9.41,9.50,9.46,9.47,9.41,9.56,9.52,9.46,9.57,9.63,9.55,9.44,9.56,9.43,9.33,9.02,9.24,8.76,9.13,9.27,9.00,8.85,8.92,8.77,8.88,8.92,8.88,8.88,8.97,9.05,9.26,9.21,9.32,9.03,9.13,9.24,9.16,9.14,9.08,8.98,9.02,9.06,9.08,9.09,8.72,8.45,8.82,8.98,8.97,9.06,8.94,8.97,8.92,9.00,9.13,9.24,9.02,9.04,9.09,9.12,9.13,9.29,9.12,8.95,9.14,8.68,8.55,8.95,8.92,8.87,8.92,8.91,8.73,8.68,8.63,8.52,8.70,8.90,8.75,8.75,8.82,8.80,8.83,8.88,8.81,8.80,8.59,8.73,8.72,8.30,8.48,8.85,8.88,8.69,8.80,8.85,8.89,8.93,8.71,8.37,8.38,7.07,7.39,7.94,7.93,8.21,8.21,8.09,8.23,8.35,8.39,8.38,8.39,8.35,8.38,8.30,8.49,8.37,8.34,8.42,8.47,8.55,8.46,8.46,8.37,8.34,8.48,8.60,8.71,8.67,8.68,8.74,8.75,8.89,8.75,8.87,8.72,7.12,8.34,8.68,8.53,8.62,8.79,8.86,8.97,9.15,9.13,9.20,9.28,9.48,9.40,9.31,9.42,9.38,9.69,9.69,9.53,9.63,9.55,9.50,9.72,9.87,9.85,9.92,10.07,9.79,9.50,10.01,9.94,10.10,10.07,9.93,10.25,10.09,10.50,10.79,10.89,10.83,10.94,10.95,10.89,11.06,10.91,10.94,10.92,11.19,11.57,11.76,11.77,11.60,11.70,11.85,12.17,12.14,12.13,12.52,12.60,12.98,12.87,13.09,13.09,13.09,13.12,13.35,13.82,13.89,14.28,14.38,14.50,14.56,14.76,14.92,15.19,14.77,14.94,15.08,15.36,15.22,15.06,15.24,15.23,15.26,15.23,15.25,15.14,15.00,14.84,15.04,14.86,15.04,14.83,14.86,14.65,14.46,14.78,15.00,14.75,14.77,15.18,15.37,15.27,15.48,15.50,15.57,15.57,15.63,16.18,16.82,16.53,16.38,16.82,17.20,17.30,17.33,17.57,17.97,18.66,18.63,18.60,19.03,19.09,18.85,18.70,18.96,19.31,19.39,19.42,19.03,19.68,19.84,20.09,20.43,20.41,20.50,20.17,20.31,18.48,16.24,17.63,18.49,18.05,18.34,17.88,18.67,18.32,18.40,15.86,18.42,18.90,19.19,19.05,19.10,18.51,18.05,18.77,18.96,19.21,19.46,19.48,19.68,19.72,19.84,19.95,19.98,20.28,20.28,20.24,20.57,20.55
"Canada","Canada Petroleum Production",1,1,"million barrels per day","PAPR_CA",2.64,2.67,2.66,2.53,2.43,2.53,2.59,2.62,2.66,2.71,2.73,2.75,2.65,2.69,2.67,2.70,2.59,2.61,2.76,2.75,2.76,2.76,2.74,2.74,2.63,2.60,2.54,2.53,2.61,2.62,2.69,2.65,2.56,2.62,2.75,2.78,2.76,2.76,2.66,2.63,2.77,2.76,2.74,2.73,2.79,2.76,2.83,2.85,2.79,2.88,2.89,2.84,2.78,2.75,2.69,2.73,2.79,2.86,2.93,2.89,2.88,2.98,2.93,2.95,2.88,2.93,2.98,2.94,2.91,2.98,3.03,3.04,3.03,3.03,3.05,2.98,2.98,3.04,3.21,3.17,3.15,3.15,3.26,3.29,3.19,3.22,3.17,3.09,3.09,3.13,3.14,3.10,3.14,3.13,3.20,3.07,3.05,3.07,2.91,3.04,3.10,3.03,3.07,3.05,2.95,3.20,3.28,3.38,3.36,3.31,3.20,3.30,3.12,3.06,3.25,3.32,3.39,3.36,3.42,3.42,3.41,3.47,3.55,3.46,3.43,3.30,3.41,3.65,3.46,3.47,3.47,3.32,3.35,3.36,3.44,3.30,3.18,3.20,3.42,3.43,3.30,3.35,3.45,3.39,3.41,3.49,3.36,3.11,3.07,3.22,3.42,3.33,3.28,3.34,3.48,3.32,3.24,3.32,3.35,3.39,3.44,3.45,3.46,3.52,3.33,3.42,3.67,3.73,3.59,3.48,3.58,3.55,3.22,3.33,3.60,3.75,3.66,3.74,3.74,3.93,3.89,4.06,3.79,3.92,3.69,3.60,3.78,3.76,3.68,3.90,4.01,4.19,4.12,4.03,4.19,3.99,3.72,3.88,4.04,4.21,4.07,4.06,4.25,4.33,4.38,4.41,4.47,4.34,4.18,4.30,4.36,4.29,4.33,4.51,4.52,4.63,4.70,4.74,4.63,4.30,4.00,4.20,4.62,4.76,4.30,4.42,4.69,4.77,4.82,4.74,4.66,4.32,3.68,3.98,4.61,4.75,4.75,4.81,5.14,4.92,5.11,5.13,4.89,4.49,4.64,4.69,4.97,5.12,4.94,4.96,5.29,5.37,5.22,5.38,5.42,5.05,5.20,5.13,5.34,5.63,5.21,5.52,5.62,5.65,5.38,5.40,5.49,5.53,5.36,5.50,5.49,5.52,5.38,5.45,5.64,5.78,5.59,5.71,5.62,4.99,4.73,5.00,4.96,4.86,4.99,5.28,5.60,5.75,5.73,5.53,5.63,5.26,5.35,5.56,5.73,5.42,5.52,5.77,5.82,5.78,5.85,5.83,5.79,5.81,5.78,5.80,5.79,5.82,5.86,5.85,5.87,5.83
"Mexico","Mexico Petroleum Production",1,1,"million barrels per day","PAPR_MX",3.32,3.36,3.37,3.32,3.38,3.39,3.42,3.46,3.54,3.51,3.50,3.49,3.48,3.57,3.59,3.57,3.59,3.48,3.51,3.53,3.35,3.21,3.59,3.56,3.61,3.50,3.53,3.36,3.39,3.25,3.37,3.28,3.28,3.19,3.29,3.22,3.51,3.36,3.44,3.48,3.49,3.51,3.31,3.60,3.64,3.28,3.40,3.49,3.55,3.57,3.59,3.46,3.46,3.59,3.64,3.63,3.63,3.42,3.58,3.72,3.70,3.57,3.54,3.61,3.55,3.58,3.56,3.62,3.57,3.66,3.48,3.67,3.76,3.77,3.76,3.73,3.75,3.81,3.83,3.87,3.84,3.85,3.82,3.91,3.87,3.82,3.84,3.92,3.87,3.92,3.83,3.80,3.89,3.91,3.82,3.68,3.81,3.81,3.69,3.88,3.91,3.90,3.50,3.87,3.81,3.65,3.75,3.84,3.84,3.77,3.81,3.84,3.80,3.75,3.71,3.72,3.71,3.60,3.57,3.40,3.58,3.58,3.63,3.63,3.55,3.65,3.60,3.25,3.54,3.38,3.28,3.34,3.32,3.31,3.24,3.16,3.19,3.24,3.18,3.15,3.11,3.15,3.09,3.11,3.08,3.06,3.06,3.05,3.02,2.91,2.96,2.94,2.99,2.99,2.95,3.00,3.02,3.01,3.00,3.00,3.00,2.96,2.97,2.96,2.97,2.96,2.91,2.98,3.01,2.97,2.99,2.99,2.98,2.97,2.95,2.96,2.89,2.95,2.92,2.95,2.92,2.94,2.96,2.96,2.95,2.95,2.93,2.96,2.95,2.90,2.95,2.92,2.96,2.95,2.90,2.90,2.89,2.91,2.88,2.92,2.92,2.93,2.91,2.92,2.89,2.90,2.88,2.87,2.89,2.83,2.77,2.81,2.78,2.75,2.74,2.74,2.63,2.71,2.69,2.54,2.58,2.60,2.63,2.62,2.62,2.63,2.61,2.61,2.60,2.54,2.53,2.50,2.50,2.53,2.50,2.49,2.44,2.42,2.40,2.36,2.34,2.35,2.34,2.33,2.33,2.32,2.29,2.22,2.02,2.19,2.13,2.13,2.20,2.16,2.13,2.16,2.13,2.11,2.10,2.07,2.08,2.00,1.93,1.93,1.86,1.94,1.94,1.92,1.90,1.90,1.90,1.93,1.96,1.90,1.94,1.96,2.00,2.00,2.02,2.00,1.92,1.90,1.88,1.93,1.93,1.89,1.89,1.92,1.90,1.93,1.96,1.95,1.95,1.94,1.94,1.87,1.91,1.91,1.91,1.92,1.95,1.94,1.93,1.91,1.90,1.89,1.88,1.86,1.85,1.84,1.83,1.81
"Other OECD","Other OECD Petroleum Production",1,1,"million barrels per day","PAPR_OTHEROECD",8.26,8.19,8.03,8.21,7.77,7.40,7.91,7.57,7.75,8.16,8.15,8.28,8.21,8.14,8.05,8.12,7.74,7.96,7.89,7.24,7.77,7.74,7.81,7.98,7.92,8.02,7.86,7.89,7.70,7.31,7.99,7.77,7.83,8.14,8.47,8.54,8.32,8.35,8.27,7.96,7.76,7.81,8.25,7.70,7.57,7.88,8.20,8.19,8.29,8.01,8.17,8.18,7.78,7.54,8.05,7.66,7.96,8.20,8.13,8.39,8.20,8.22,7.84,8.26,8.02,7.87,7.90,7.36,7.53,8.01,8.12,8.14,7.92,8.06,7.92,7.68,7.46,7.18,7.60,7.27,7.33,7.59,7.58,7.88,7.55,7.45,7.53,7.39,7.20,7.43,7.37,6.49,6.62,7.04,7.19,7.03,6.96,7.01,7.14,7.13,7.05,6.49,6.81,6.40,6.59,6.53,6.71,6.74,6.70,6.69,6.59,6.37,6.38,6.06,6.50,6.13,6.03,6.35,6.45,6.50,6.32,6.52,6.21,6.42,6.05,5.72,6.15,5.69,5.80,6.17,6.12,6.14,6.03,6.02,6.01,5.99,6.13,5.71,5.97,5.43,5.69,5.97,6.07,6.06,5.94,6.10,6.08,5.93,5.53,5.47,5.81,5.27,5.30,5.65,5.80,5.66,5.93,5.83,6.07,6.03,5.82,5.26,5.52,5.10,5.26,5.66,5.64,5.54,5.59,5.41,5.29,5.44,5.00,5.02,5.08,4.88,4.90,5.17,5.23,5.20,5.22,5.25,5.13,5.19,5.00,4.88,4.93,4.71,4.15,4.55,4.70,4.86,4.69,4.69,4.67,4.78,4.82,4.57,4.87,4.53,4.33,4.50,4.74,4.91,4.84,4.97,4.94,4.82,4.59,4.55,4.70,4.38,4.59,4.81,4.85,4.92,4.83,4.73,4.74,4.89,4.89,4.87,4.88,4.79,4.76,4.96,5.03,5.07,5.01,4.99,4.94,4.90,4.80,4.58,5.00,4.71,4.36,4.84,5.06,4.92,4.78,4.82,4.90,4.82,4.67,4.58,4.72,4.55,4.45,4.70,4.64,4.44,4.91,4.80,4.70,4.80,4.47,4.63,4.78,4.59,4.36,4.79,4.82,4.85,4.74,4.79,4.75,4.72,4.55,4.33,4.67,4.52,4.57,4.76,5.01,5.07,5.06,5.15,5.03,5.18,4.95,4.85,5.00,4.85,4.57,4.79,4.88,5.11,5.03,4.90,5.07,4.68,4.46,4.28,4.77,4.91,4.87,5.02,5.05,5.07,5.06,5.07,5.05,5.04,4.92,4.95,4.97,4.87,4.77,5.06,5.15,5.21
"Non-OECD","Non-OECD Petroleum Production",1,1,"million barrels per day","PAPR_NONOECD",49.98,50.21,50.45,50.92,50.67,50.16,50.07,51.30,51.30,51.43,51.33,50.97,52.53,52.94,52.96,52.65,52.63,52.28,52.02,51.75,51.88,51.84,52.27,52.09,52.65,53.05,52.99,51.62,51.49,50.99,51.74,51.94,51.99,52.10,51.59,50.77,52.08,52.68,52.70,53.71,54.32,54.07,54.51,55.64,55.81,56.24,56.42,55.03,55.25,54.93,55.32,54.49,54.23,52.92,54.38,54.94,54.06,53.83,54.07,53.19,52.87,52.97,53.18,52.17,53.04,52.96,53.50,53.66,54.59,55.53,55.45,53.30,53.95,55.54,56.17,55.55,55.75,55.24,55.58,56.29,56.86,57.79,58.08,58.93,59.38,59.47,59.28,59.36,59.19,60.73,61.34,61.24,61.96,62.24,61.59,61.65,62.11,62.34,62.55,62.67,62.91,63.29,63.32,63.62,64.21,63.81,63.75,63.24,62.97,63.16,63.06,63.32,63.21,63.59,64.35,64.44,64.01,64.05,63.46,63.15,63.05,63.09,63.07,63.32,63.38,63.82,63.81,63.65,64.31,64.70,64.49,64.98,65.12,65.21,65.37,65.13,65.66,66.13,66.55,66.33,66.19,66.21,65.46,64.36,63.39,63.67,63.59,64.28,64.52,64.85,65.02,65.25,65.44,65.55,65.54,65.19,65.39,65.72,65.83,66.29,66.75,67.54,67.57,67.63,67.67,66.98,67.22,66.90,67.90,67.38,65.98,65.87,66.32,67.17,67.47,67.69,67.26,66.89,67.58,67.68,68.11,68.08,68.08,68.35,68.20,68.31,68.51,68.82,68.51,68.28,68.26,67.65,67.18,66.96,66.97,67.61,68.03,68.20,68.27,68.17,67.49,67.70,67.42,67.25,67.33,67.64,66.89,66.92,67.65,68.06,68.01,68.68,68.91,69.53,68.82,69.09,68.45,68.16,69.19,69.33,69.98,70.47,70.42,70.32,70.55,70.43,70.41,70.34,70.24,69.78,69.84,70.16,70.24,70.87,70.89,70.26,70.99,71.34,71.82,71.36,70.27,69.69,69.33,69.74,70.48,71.20,71.41,70.78,71.29,70.83,70.58,70.12,70.32,70.11,70.10,70.35,70.49,71.00,71.00,70.83,71.17,71.44,71.06,70.40,69.55,69.30,69.06,68.96,69.00,69.50,68.88,69.53,67.76,69.18,69.09,68.60,68.24,67.25,67.55,69.32,60.64,59.19,60.02,61.67,61.52,61.78,62.27,62.22,62.85,62.28,62.70,63.18,63.95,64.58,65.59,65.41,66.31,67.39,67.39,67.47,67.34,67.38,67.44,67.89,68.56,69.13,69.15,69.29,69.35,69.42,69.15,68.96
"OPEC","OPEC-13 Petroleum Production",1,1,"million barrels per day","PAPR_OPEC",28.25,28.51,28.72,28.97,28.71,28.28,28.30,29.44,29.44,29.59,29.35,29.00,30.12,30.57,30.56,30.47,30.40,29.86,29.73,29.45,29.54,29.40,29.67,29.41,29.64,30.16,29.93,28.68,28.62,28.10,28.64,28.89,28.91,28.99,28.45,27.57,28.77,29.43,29.37,30.30,30.84,30.44,30.72,31.74,31.73,31.99,31.94,30.50,30.93,30.51,31.18,30.48,30.23,28.75,29.99,30.49,29.64,29.58,29.49,28.60,28.19,28.23,28.43,27.25,28.10,27.82,28.41,28.28,29.09,29.88,29.95,27.86,28.16,29.56,30.23,29.49,29.64,28.99,29.22,29.77,30.16,30.90,30.91,31.63,32.10,32.01,31.87,31.78,31.63,32.87,33.30,33.14,33.66,33.69,33.18,33.40,33.89,34.02,34.19,34.38,34.27,34.41,34.68,34.73,35.06,34.70,34.64,34.56,34.27,34.31,34.17,34.18,33.86,34.18,34.54,34.64,34.30,34.10,33.75,33.68,33.56,33.50,33.58,33.78,33.60,33.48,33.75,33.73,34.36,34.55,34.32,35.04,35.16,35.24,35.46,35.17,35.48,35.61,36.00,35.81,35.51,35.55,34.85,34.22,33.28,33.19,33.14,33.36,33.43,33.53,33.80,33.92,33.88,33.93,33.97,33.97,33.86,34.10,34.14,34.26,34.27,34.89,34.82,34.81,34.82,34.30,34.44,34.47,35.17,34.71,33.37,33.41,33.54,34.20,34.48,34.57,34.62,34.35,35.22,35.22,35.52,35.82,36.06,36.34,35.93,36.01,35.91,36.09,35.82,35.32,35.31,34.94,34.58,34.52,34.69,35.13,35.06,34.93,35.08,35.04,34.27,34.32,33.81,34.00,34.46,34.59,34.10,33.91,34.20,34.20,34.46,34.78,35.13,35.45,34.88,35.13,34.73,34.61,35.41,35.61,35.92,36.19,36.35,36.05,36.43,36.19,36.29,36.28,36.70,36.23,36.47,36.55,36.43,36.86,37.06,36.93,36.94,37.26,37.74,37.48,36.70,36.50,36.07,36.24,36.71,37.12,37.36,37.16,37.31,37.07,36.93,36.84,37.06,36.92,36.68,36.59,36.44,36.54,36.55,36.83,36.92,37.10,36.87,36.17,35.64,35.56,35.09,35.14,34.76,34.86,34.29,34.58,32.99,34.44,34.38,34.34,33.92,33.18,33.38,35.48,29.36,27.37,27.96,28.97,29.04,29.35,30.19,30.47,30.63,30.16,30.30,30.29,30.73,31.31,32.08,32.16,32.51,33.12,33.42,33.63,33.72,33.65,33.59,33.63,33.84,34.07,34.01,34.03,33.99,33.99,34.05,34.11
"Crude Oil Portion","OPEC 13 Crude Oil Production",1,1,"million barrels per day","COPR_OPEC",25.71,25.96,26.16,26.40,26.14,25.72,25.74,26.86,26.87,27.01,26.78,26.42,27.44,27.89,27.88,27.80,27.74,27.22,27.10,26.83,26.91,26.78,27.05,26.79,26.90,27.42,27.17,25.98,25.91,25.40,25.94,26.18,26.20,26.27,25.73,24.86,26.01,26.68,26.61,27.52,28.05,27.64,27.91,28.88,28.85,29.12,29.07,27.64,27.82,27.43,28.09,27.42,27.18,25.68,26.91,27.41,26.61,26.57,26.47,25.58,25.08,25.12,25.32,24.12,24.96,24.68,25.25,25.10,25.91,26.68,26.75,24.95,25.36,26.67,27.29,26.47,26.67,25.96,26.08,26.57,26.91,27.53,27.51,28.18,28.47,28.39,28.29,28.24,28.05,29.19,29.58,29.40,29.91,29.94,29.42,29.62,29.82,29.93,30.12,30.24,30.12,30.24,30.48,30.51,30.84,30.50,30.45,30.36,30.05,30.09,29.94,29.95,29.62,29.87,30.19,30.29,29.95,29.72,29.35,29.28,28.96,29.03,29.11,29.32,29.14,29.01,29.27,29.26,29.89,30.08,29.92,30.58,30.56,30.64,30.85,30.56,30.92,31.00,31.36,31.16,30.87,30.91,30.19,29.54,28.57,28.42,28.31,28.46,28.48,28.57,28.81,28.91,28.92,28.96,29.00,28.98,28.98,29.13,29.19,29.33,29.32,29.91,29.85,29.83,29.81,29.29,29.42,29.46,30.05,29.57,28.37,28.42,28.51,29.16,29.44,29.53,29.59,29.27,30.12,30.11,30.31,30.61,30.82,31.06,30.66,30.75,30.63,30.81,30.60,30.14,30.06,29.64,29.41,29.29,29.45,29.91,29.87,29.75,29.87,29.93,29.12,29.08,28.57,28.76,29.28,29.42,28.92,28.76,29.06,29.09,29.34,29.64,29.89,30.18,29.63,29.90,29.51,29.41,30.24,30.39,30.64,31.09,31.30,31.09,31.22,30.99,31.12,31.10,31.49,31.07,31.16,31.27,31.29,31.73,31.81,31.68,31.74,32.00,32.39,32.25,31.31,31.19,30.82,30.90,31.40,31.83,32.05,31.92,32.06,31.87,31.63,31.48,31.76,31.59,31.41,31.34,31.23,31.23,31.29,31.53,31.67,31.84,31.60,30.82,30.16,30.09,29.59,29.66,29.34,29.43,29.00,29.25,27.68,29.14,29.00,28.91,28.67,27.95,28.19,30.32,24.31,22.35,22.98,23.94,23.98,24.32,25.07,25.25,25.33,24.87,25.03,25.02,25.47,26.04,26.73,26.77,27.16,27.77,27.99,28.11,28.07,28.08,28.05,28.17,28.38,28.58,28.49,28.49,28.49,28.50,28.49,28.48
"Other Liquids","OPEC Other Liquids Production",1,1,"million barrels per day","OPEC_NC",2.53,2.55,2.56,2.57,2.57,2.56,2.56,2.57,2.57,2.57,2.57,2.58,2.68,2.68,2.68,2.67,2.67,2.64,2.63,2.62,2.62,2.62,2.62,2.62,2.74,2.75,2.76,2.70,2.70,2.69,2.69,2.71,2.71,2.72,2.72,2.72,2.76,2.76,2.76,2.79,2.79,2.80,2.81,2.86,2.88,2.87,2.87,2.86,3.12,3.08,3.08,3.05,3.05,3.06,3.09,3.09,3.03,3.01,3.01,3.02,3.11,3.11,3.11,3.13,3.13,3.13,3.16,3.18,3.18,3.20,3.20,2.91,2.80,2.89,2.93,3.02,2.97,3.03,3.14,3.20,3.25,3.37,3.40,3.45,3.62,3.62,3.58,3.55,3.58,3.69,3.71,3.74,3.74,3.75,3.77,3.78,4.07,4.09,4.07,4.14,4.15,4.17,4.19,4.21,4.22,4.20,4.19,4.20,4.22,4.22,4.23,4.24,4.24,4.31,4.36,4.36,4.35,4.39,4.40,4.40,4.60,4.48,4.47,4.47,4.46,4.47,4.47,4.47,4.47,4.47,4.40,4.46,4.60,4.60,4.61,4.61,4.56,4.62,4.64,4.65,4.64,4.64,4.66,4.68,4.71,4.77,4.83,4.90,4.95,4.97,4.99,5.01,4.96,4.96,4.97,4.98,4.88,4.98,4.95,4.93,4.95,4.98,4.97,4.98,5.02,5.01,5.02,5.01,5.12,5.13,5.00,4.99,5.03,5.05,5.04,5.05,5.03,5.08,5.10,5.11,5.21,5.21,5.24,5.28,5.27,5.26,5.28,5.28,5.22,5.18,5.24,5.29,5.17,5.23,5.23,5.22,5.19,5.18,5.21,5.11,5.16,5.24,5.24,5.24,5.17,5.17,5.17,5.15,5.14,5.11,5.12,5.14,5.23,5.27,5.25,5.23,5.22,5.20,5.17,5.22,5.28,5.10,5.05,4.97,5.21,5.20,5.18,5.17,5.21,5.16,5.31,5.29,5.13,5.13,5.25,5.25,5.20,5.27,5.35,5.23,5.39,5.31,5.26,5.34,5.31,5.29,5.31,5.24,5.25,5.20,5.30,5.36,5.31,5.33,5.27,5.25,5.21,5.31,5.27,5.30,5.26,5.26,5.27,5.35,5.48,5.47,5.50,5.49,5.43,5.44,5.28,5.34,5.31,5.30,5.37,5.43,5.25,5.23,5.19,5.16,5.05,5.02,4.98,5.03,5.06,5.03,5.12,5.22,5.30,5.29,5.27,5.28,5.27,5.28,5.35,5.38,5.36,5.36,5.43,5.52,5.66,5.57,5.54,5.46,5.46,5.48,5.51,5.54,5.50,5.49,5.55,5.63
"Eurasia","Eurasia Petroleum Production",1,1,"million barrels per day","PAPR_FSU",7.09,7.02,7.07,7.21,7.22,7.22,7.24,7.27,7.28,7.28,7.27,7.21,7.30,7.32,7.28,7.18,7.08,7.24,7.23,7.22,7.25,7.30,7.26,7.37,7.49,7.41,7.56,7.56,7.58,7.57,7.71,7.70,7.70,7.72,7.72,7.81,7.90,7.91,7.99,7.97,8.01,8.05,8.14,8.23,8.33,8.46,8.51,8.55,8.54,8.67,8.51,8.56,8.62,8.66,8.85,8.81,8.83,8.91,9.10,9.01,8.97,9.05,9.08,9.18,9.19,9.39,9.44,9.57,9.70,9.77,9.79,9.78,9.89,10.03,10.06,10.08,10.19,10.34,10.39,10.54,10.72,10.78,10.86,10.94,10.92,10.94,11.01,11.09,11.13,11.37,11.41,11.46,11.54,11.76,11.75,11.55,11.54,11.64,11.67,11.63,11.70,11.72,11.58,11.77,11.85,11.94,12.00,11.96,11.75,11.86,11.94,12.07,12.10,12.15,12.28,12.37,12.26,12.50,12.51,12.56,12.56,12.68,12.79,12.65,12.63,12.69,12.75,12.63,12.49,12.77,12.76,12.65,12.71,12.68,12.69,12.65,12.70,12.75,12.69,12.35,12.53,12.51,12.56,12.63,12.61,12.76,12.76,13.01,12.91,13.05,13.08,13.03,13.17,13.25,13.26,13.15,13.16,13.23,13.28,13.25,13.29,13.30,13.35,13.29,13.32,13.47,13.41,13.46,13.48,13.48,13.46,13.49,13.50,13.47,13.51,13.43,13.17,13.50,13.24,13.52,13.57,13.57,13.58,13.50,13.52,13.52,13.54,13.51,13.50,13.56,13.70,13.70,13.72,13.73,13.71,13.70,13.60,13.67,13.78,13.58,13.74,13.85,13.96,13.97,13.91,13.93,13.80,13.83,13.79,13.84,13.82,13.91,13.78,13.86,13.95,14.11,14.16,14.08,14.26,13.95,14.12,13.93,14.05,14.02,13.93,14.05,14.18,14.24,14.30,14.32,14.36,14.11,14.01,14.15,13.92,13.60,14.21,14.50,14.48,14.55,14.51,14.24,14.42,14.42,14.33,14.31,14.27,14.12,14.23,14.16,14.28,14.32,14.36,14.40,14.39,14.33,14.39,14.49,14.63,14.42,14.74,14.79,14.83,14.95,14.86,14.85,14.75,14.35,14.26,14.62,14.59,14.60,14.53,14.55,14.69,14.72,14.73,14.73,14.70,14.75,12.49,12.28,12.33,12.88,12.91,13.04,13.14,13.18,13.30,13.36,13.47,13.62,13.63,13.59,13.66,13.38,13.80,14.09,14.23,14.31,14.37,14.45,14.55,14.59,14.66,14.73,14.79,14.76,14.77,14.91,14.99,15.02
"China","China Petroleum Production",1,1,"million barrels per day","PAPR_CH",3.29,3.32,3.30,3.31,3.36,3.30,3.27,3.27,3.28,3.28,3.24,3.17,3.34,3.26,3.27,3.24,3.31,3.36,3.30,3.28,3.32,3.25,3.34,3.32,3.34,3.35,3.33,3.30,3.30,3.30,3.37,3.28,3.26,3.29,3.36,3.34,3.39,3.42,3.42,3.44,3.39,3.43,3.42,3.34,3.36,3.35,3.35,3.35,3.36,3.47,3.52,3.45,3.45,3.46,3.41,3.45,3.43,3.46,3.46,3.42,3.53,3.49,3.51,3.49,3.53,3.58,3.56,3.65,3.59,3.61,3.54,3.53,3.55,3.57,3.58,3.64,3.62,3.64,3.60,3.62,3.57,3.60,3.62,3.63,3.68,3.71,3.63,3.67,3.66,3.70,3.72,3.74,3.81,3.78,3.77,3.80,3.82,3.83,3.86,3.85,3.87,3.91,3.92,3.93,3.89,3.91,3.88,3.78,3.98,3.97,4.02,3.99,4.02,4.01,4.02,3.97,3.96,3.96,3.98,3.90,4.16,4.09,4.03,4.10,4.13,4.17,3.99,4.09,4.06,4.07,4.07,4.04,4.13,4.13,4.16,4.14,4.20,4.27,4.20,4.16,4.18,4.24,4.25,4.09,4.19,4.17,4.16,4.22,4.20,4.25,4.24,4.28,4.27,4.27,4.24,4.21,4.49,4.46,4.49,4.47,4.56,4.62,4.58,4.62,4.70,4.70,4.80,4.64,4.85,4.80,4.77,4.74,4.72,4.63,4.57,4.64,4.56,4.50,4.59,4.61,4.71,4.67,4.70,4.75,4.71,4.65,4.66,4.76,4.86,4.93,4.88,4.86,4.91,4.87,4.90,4.89,4.92,5.00,4.78,4.83,4.88,4.97,4.98,4.97,5.03,5.06,5.01,4.99,5.03,5.12,4.93,4.97,5.05,5.10,5.16,5.19,5.13,5.12,5.16,5.16,5.17,5.31,5.17,5.18,5.22,5.16,5.20,5.18,5.09,5.08,5.02,4.97,4.92,4.98,4.89,4.83,4.84,4.74,4.88,4.90,4.84,4.79,4.83,4.85,4.81,4.94,4.82,4.76,4.78,4.78,4.82,4.77,4.83,4.78,4.85,4.83,4.82,4.92,4.78,4.81,4.74,4.84,4.83,4.90,4.92,4.88,5.00,4.93,4.93,5.03,4.94,4.92,4.92,4.91,4.93,4.90,5.00,4.94,4.94,4.86,4.90,5.00,4.93,4.98,4.98,4.92,4.94,4.88,5.05,5.00,5.09,5.06,5.08,5.13,5.05,5.09,5.05,5.07,5.09,5.05,5.06,5.06,5.05,5.06,5.09,5.12,5.06,5.10,5.12,5.14,5.16,5.11
"Other Non-OECD","Other Non-OECD Petroleum Production",1,1,"million barrels per day","PAPR_OTHER_NONOECD",11.35,11.36,11.36,11.42,11.38,11.36,11.26,11.32,11.29,11.28,11.47,11.58,11.77,11.79,11.85,11.75,11.83,11.82,11.76,11.80,11.77,11.89,12.00,12.00,12.17,12.13,12.17,12.08,12.00,12.02,12.02,12.08,12.12,12.11,12.06,12.05,12.02,11.92,11.93,12.00,12.08,12.15,12.23,12.32,12.39,12.44,12.63,12.63,12.41,12.28,12.11,12.01,11.93,12.05,12.13,12.18,12.17,11.89,12.03,12.16,12.18,12.20,12.16,12.25,12.23,12.18,12.09,12.16,12.21,12.28,12.17,12.13,12.35,12.39,12.30,12.33,12.29,12.26,12.37,12.36,12.42,12.51,12.68,12.73,12.68,12.80,12.77,12.81,12.77,12.79,12.91,12.91,12.95,13.01,12.89,12.90,12.86,12.85,12.83,12.82,13.06,13.25,13.15,13.20,13.41,13.26,13.23,12.95,12.98,13.02,12.92,13.08,13.23,13.25,13.50,13.46,13.50,13.49,13.22,13.02,12.77,12.82,12.67,12.80,13.01,13.47,13.32,13.20,13.40,13.31,13.33,13.24,13.12,13.16,13.06,13.17,13.29,13.49,13.66,14.01,13.98,13.91,13.80,13.43,13.31,13.55,13.53,13.67,13.97,14.02,13.89,14.01,14.13,14.10,14.06,13.87,13.89,13.93,13.92,14.32,14.62,14.73,14.82,14.91,14.82,14.51,14.57,14.33,14.40,14.39,14.38,14.23,14.56,14.87,14.90,15.05,14.91,14.53,14.53,14.33,14.30,14.02,13.74,13.76,14.05,14.14,14.41,14.46,14.33,14.46,14.38,14.16,13.97,13.85,13.67,13.90,14.45,14.60,14.62,14.72,14.60,14.56,14.68,14.31,13.94,14.06,13.98,14.20,14.62,14.91,14.80,15.02,14.95,15.13,14.83,14.66,14.42,14.35,14.37,14.61,14.77,15.04,14.85,15.07,14.97,15.03,14.73,14.65,14.15,14.16,13.99,14.52,14.90,14.89,15.02,14.90,15.00,14.84,14.71,14.43,14.21,14.16,14.01,14.23,14.62,14.83,14.96,14.74,14.96,14.82,14.54,14.19,14.07,14.01,14.18,14.59,14.84,15.05,15.04,14.77,14.77,14.71,14.53,14.39,14.14,14.01,14.21,14.54,15.05,14.99,15.06,15.43,15.32,15.28,15.09,14.65,14.59,14.41,14.54,14.23,13.90,14.54,14.80,14.84,14.60,14.47,14.00,13.69,13.87,13.75,13.84,14.21,14.51,14.54,14.80,14.79,14.95,15.10,14.65,14.47,14.18,14.23,14.24,14.61,14.98,15.21,15.29,15.41,15.47,15.40,14.96,14.72
"Total World Production","Total World Petroleum Production",1,1,"million barrels per day","PAPR_WORLD",73.43,73.96,73.93,74.39,73.75,72.95,73.46,74.37,74.81,75.33,75.17,75.06,76.49,76.90,76.71,76.60,75.97,75.66,75.21,74.50,74.52,74.68,75.68,75.37,75.66,76.10,75.69,74.28,74.11,73.05,74.67,74.60,74.71,75.31,75.31,74.62,75.69,76.27,76.32,76.94,77.48,77.23,77.78,78.68,78.88,79.24,79.93,78.29,78.33,78.21,78.94,77.93,77.30,75.73,77.72,77.88,77.44,77.44,77.95,77.21,76.69,76.82,76.62,76.12,76.78,76.46,76.89,76.73,77.28,78.74,79.03,77.08,77.53,79.33,79.80,78.66,78.62,77.91,78.74,79.30,80.08,81.13,81.50,82.84,82.78,82.79,82.69,82.57,82.15,83.79,84.41,83.36,83.91,84.81,84.65,84.31,84.63,85.03,85.15,85.61,85.90,85.41,85.07,85.32,84.63,84.58,85.43,85.14,85.09,85.15,84.74,85.07,84.86,84.85,86.19,86.00,85.48,85.74,85.20,84.95,84.73,85.00,84.88,85.30,84.96,84.94,85.42,84.61,85.45,86.20,85.96,86.49,86.50,86.57,86.80,86.32,87.06,87.01,88.00,87.07,85.42,87.01,86.75,85.46,84.44,85.10,84.95,85.34,85.29,85.58,86.41,86.07,86.49,86.94,87.08,86.60,86.96,87.57,87.95,88.24,88.63,88.75,89.01,88.93,89.09,88.88,89.35,89.21,89.88,88.73,87.85,87.79,87.63,88.54,89.02,89.53,88.80,89.24,90.26,90.64,90.96,91.27,90.91,91.30,90.91,90.66,91.09,91.17,90.47,91.20,91.69,91.40,90.56,90.34,90.58,91.45,91.59,91.68,92.57,92.43,91.79,92.07,92.41,92.50,92.52,93.04,92.53,92.77,93.20,94.03,94.22,94.66,95.17,96.36,95.85,96.57,95.39,95.28,96.34,96.42,96.67,97.22,97.79,97.71,97.48,97.67,97.97,97.94,97.67,96.88,97.01,96.74,96.27,96.79,97.86,96.86,97.00,98.19,99.40,98.31,97.27,97.16,96.83,96.66,97.60,98.29,98.96,98.24,98.32,98.87,99.46,98.58,99.03,99.27,99.54,99.66,99.62,100.43,101.20,101.77,101.44,102.35,102.46,101.92,100.39,100.14,100.19,100.44,100.20,100.64,99.97,101.17,99.50,101.38,102.12,101.82,101.39,100.27,100.52,99.97,88.49,88.57,90.36,91.35,91.35,91.62,93.32,93.32,93.92,90.50,93.77,93.97,94.89,95.41,97.13,96.12,96.67,98.86,99.13,99.45,99.66,99.70,99.89,100.37,101.01,101.72,101.76,102.13,102.11,102.41,102.58,102.37
 , ,0,0,,,,,,,,,,,,,,,,,,,,,,,,,,,,,,,,,,,,,,,,,,,,,,,,,,,,,,,,,,,,,,,,,,,,,,,,,,,,,,,,,,,,,,,,,,,,,,,,,,,,,,,,,,,,,,,,,,,,,,,,,,,,,,,,,,,,,,,,,,,,,,,,,,,,,,,,,,,,,,,,,,,,,,,,,,,,,,,,,,,,,,,,,,,,,,,,,,,,,,,,,,,,,,,,,,,,,,,,,,,,,,,,,,,,,,,,,,,,,,,,,,,,,,,,,,,,,,,,,,,,,,,,,,,,,,,,,,,,,,,,,,,,,,,,,,,,,,,,,,,,,,,,,,,,,,,,,,
"Non-OPEC Production","Non-OPEC Petroleum Production",1,1,"million barrels per day","PAPR_NONOPEC",45.19,45.45,45.21,45.42,45.05,44.67,45.16,44.93,45.37,45.74,45.82,46.06,46.37,46.32,46.15,46.13,45.57,45.80,45.48,45.05,44.98,45.28,46.01,45.96,46.02,45.94,45.76,45.60,45.49,44.95,46.03,45.71,45.80,46.33,46.86,47.05,46.92,46.84,46.95,46.63,46.64,46.79,47.06,46.95,47.15,47.25,47.99,47.79,47.40,47.71,47.76,47.45,47.07,46.99,47.72,47.38,47.80,47.86,48.46,48.61,48.50,48.59,48.19,48.87,48.68,48.64,48.48,48.45,48.20,48.86,49.07,49.22,49.38,49.77,49.58,49.17,48.98,48.91,49.52,49.53,49.93,50.23,50.58,51.21,50.68,50.78,50.82,50.79,50.52,50.92,51.11,50.22,50.25,51.12,51.47,50.91,50.74,51.01,50.96,51.23,51.63,51.00,50.39,50.60,49.57,49.88,50.79,50.58,50.82,50.84,50.57,50.88,51.00,50.67,51.64,51.35,51.18,51.64,51.45,51.28,51.17,51.50,51.30,51.52,51.35,51.46,51.68,50.88,51.09,51.65,51.64,51.45,51.34,51.33,51.34,51.16,51.58,51.40,52.01,51.26,49.91,51.46,51.90,51.24,51.16,51.91,51.80,51.97,51.85,52.05,52.60,52.15,52.61,53.01,53.11,52.64,53.10,53.46,53.81,53.98,54.36,53.86,54.19,54.12,54.27,54.58,54.91,54.74,54.71,54.02,54.48,54.37,54.08,54.34,54.54,54.95,54.18,54.89,55.04,55.42,55.43,55.45,54.85,54.96,54.98,54.64,55.18,55.09,54.66,55.88,56.38,56.46,55.98,55.82,55.89,56.32,56.53,56.75,57.49,57.38,57.52,57.75,58.60,58.50,58.07,58.45,58.43,58.87,58.99,59.83,59.76,59.88,60.05,60.91,60.97,61.44,60.66,60.67,60.94,60.81,60.75,61.03,61.44,61.66,61.05,61.48,61.68,61.66,60.97,60.66,60.54,60.18,59.84,59.93,60.80,59.92,60.06,60.93,61.66,60.83,60.57,60.66,60.76,60.42,60.89,61.17,61.60,61.08,61.00,61.79,62.53,61.75,61.96,62.36,62.86,63.07,63.18,63.89,64.64,64.94,64.52,65.25,65.59,65.75,64.75,64.58,65.10,65.30,65.44,65.78,65.68,66.59,66.51,66.93,67.74,67.48,67.47,67.09,67.15,64.49,59.13,61.20,62.40,62.38,62.32,62.28,63.13,62.84,63.29,60.34,63.46,63.68,64.16,64.10,65.05,63.97,64.16,65.74,65.71,65.82,65.94,66.05,66.30,66.74,67.18,67.66,67.75,68.10,68.12,68.43,68.53,68.26
"Consumption","Consumption",0,0,"million barrels per day",,,,,,,,,,,,,,,,,,,,,,,,,,,,,,,,,,,,,,,,,,,,,,,,,,,,,,,,,,,,,,,,,,,,,,,,,,,,,,,,,,,,,,,,,,,,,,,,,,,,,,,,,,,,,,,,,,,,,,,,,,,,,,,,,,,,,,,,,,,,,,,,,,,,,,,,,,,,,,,,,,,,,,,,,,,,,,,,,,,,,,,,,,,,,,,,,,,,,,,,,,,,,,,,,,,,,,,,,,,,,,,,,,,,,,,,,,,,,,,,,,,,,,,,,,,,,,,,,,,,,,,,,,,,,,,,,,,,,,,,,,,,,,,,,,,,,,,,,,,,,,,,,,,,,,,,,
"OECD","Total OECD Petroleum Consumption",1,1,"million barrels per day","PATC_OECD",48.27,48.33,46.01,46.92,45.02,46.26,47.55,45.94,47.48,48.18,47.48,49.93,46.95,48.37,48.18,46.43,44.42,47.11,47.75,46.77,47.19,47.49,48.31,50.35,47.62,50.14,50.59,46.86,44.90,47.71,47.50,47.70,48.20,48.08,49.12,51.90,47.23,50.23,49.36,46.29,47.34,47.96,47.25,49.83,48.93,48.38,48.83,50.59,49.87,49.78,49.38,47.25,47.30,47.41,48.31,49.09,47.68,48.40,49.13,49.06,49.08,49.46,48.54,47.47,46.56,47.45,48.82,48.41,48.20,48.96,49.82,50.61,49.81,51.83,49.27,48.38,47.51,48.12,48.82,48.40,49.24,49.98,49.03,51.64,50.03,51.31,51.13,49.41,47.58,49.45,49.90,49.70,50.09,50.25,50.91,52.31,50.62,52.29,51.98,49.19,48.67,50.41,49.46,51.25,49.77,48.76,51.14,52.88,50.78,51.84,51.63,48.37,48.79,50.27,49.59,50.58,49.82,50.30,51.10,51.05,49.91,51.64,50.52,49.07,49.00,49.62,49.74,50.20,49.77,50.76,51.24,50.63,49.95,50.64,48.64,49.09,47.93,47.65,48.31,47.11,46.98,48.67,47.12,48.31,47.38,47.63,47.16,45.90,44.33,46.09,45.88,45.47,46.24,46.51,46.08,47.74,45.53,47.58,47.40,46.32,45.18,47.19,46.98,47.53,48.05,46.72,47.60,48.52,46.11,47.74,47.01,44.88,44.70,46.35,46.14,47.66,46.94,46.21,46.66,47.17,45.24,47.69,45.88,44.79,45.57,45.99,46.00,46.72,45.11,46.55,46.49,45.92,45.74,46.45,45.08,45.81,45.53,45.34,46.76,46.29,45.86,46.39,46.90,46.21,45.52,46.58,45.40,45.05,44.37,45.13,46.17,45.66,45.89,46.45,45.59,47.06,45.80,47.94,46.35,45.93,44.72,46.49,47.24,47.00,46.85,46.38,45.80,47.46,45.50,47.75,47.16,46.20,45.53,46.59,46.56,48.14,47.24,46.72,47.28,48.22,46.03,47.01,47.78,46.17,47.18,48.19,47.70,47.98,47.62,47.36,48.54,48.47,47.39,48.23,48.13,46.97,47.06,47.68,48.34,48.99,47.33,48.15,48.06,47.11,47.80,48.17,46.77,47.63,46.67,47.48,48.60,48.95,47.51,47.94,48.00,47.92,46.06,47.25,43.30,34.93,37.13,40.31,42.18,41.97,42.66,42.68,42.73,43.10,41.39,41.69,43.74,42.98,43.28,45.34,44.70,45.80,45.42,45.56,45.83,46.32,44.97,46.08,45.56,44.82,44.84,45.76,46.01,46.41,45.96,45.96,46.05,46.21
"U.S. (50 States)","U.S. (50 States) Petroleum Consumption",1,1,"million barrels per day","PATC_US",18.55,18.40,17.86,18.56,18.29,18.62,19.11,18.57,18.56,19.07,18.58,19.25,18.36,18.32,18.68,19.04,18.38,19.18,19.47,19.35,18.89,19.19,18.67,19.42,19.03,19.11,19.50,19.15,18.70,19.84,19.82,20.09,19.48,19.87,19.09,20.50,19.03,19.64,19.22,18.82,19.61,20.05,19.70,20.50,19.90,19.80,19.33,20.81,20.09,19.69,19.88,19.73,19.50,19.56,19.92,20.15,19.02,19.82,19.40,19.00,19.45,19.44,19.68,19.55,19.73,19.88,20.08,20.22,19.46,19.68,19.99,19.94,20.02,20.38,19.71,19.83,19.34,19.79,20.09,20.59,19.93,20.18,19.87,20.68,20.48,20.87,20.45,20.55,20.31,20.78,20.88,21.03,20.53,20.86,20.80,21.23,20.69,20.83,21.01,20.14,20.61,21.20,20.94,21.67,20.14,20.25,20.62,21.50,20.44,20.58,20.61,20.20,20.46,20.98,20.74,21.43,20.56,20.77,20.67,20.80,20.57,21.31,20.54,20.54,20.62,20.72,20.75,21.03,20.41,20.48,20.53,20.72,20.25,20.03,19.83,19.81,19.80,19.68,19.56,19.27,17.84,19.70,19.05,19.14,19.04,18.82,18.72,18.67,18.21,18.83,18.63,18.95,18.59,18.80,18.75,19.24,18.65,18.83,19.08,19.07,18.87,19.56,19.29,19.66,19.46,18.93,18.97,19.73,18.93,18.82,19.19,18.58,18.43,19.19,18.71,19.36,18.89,18.82,19.06,18.77,18.30,18.62,18.13,18.16,18.57,18.87,18.54,19.14,18.08,18.71,18.53,18.13,18.74,18.65,18.55,18.59,18.73,18.82,19.26,19.14,19.28,19.32,19.49,19.01,19.10,18.90,18.45,18.83,18.60,18.88,19.25,19.37,19.20,19.70,19.39,19.49,19.27,19.67,19.35,19.26,19.32,19.85,20.12,19.93,19.44,19.47,19.11,19.60,19.06,19.84,19.75,19.35,19.33,19.83,19.75,20.26,19.77,19.68,19.69,19.99,19.29,19.15,20.06,19.62,20.05,20.57,20.13,20.27,19.63,19.97,20.31,20.32,20.56,19.69,20.73,20.04,20.25,20.77,20.67,21.36,20.08,20.79,20.77,20.33,20.61,20.28,20.18,20.33,20.39,20.65,20.73,21.16,20.25,20.71,20.74,20.44,19.93,20.13,18.46,14.55,16.08,17.58,18.38,18.56,18.41,18.61,18.74,18.80,18.60,17.44,19.20,19.46,20.09,20.54,19.89,20.60,19.96,20.01,19.99,20.03,19.88,19.67,19.98,19.96,20.40,20.74,20.79,21.12,20.57,20.70,20.72,20.54
"U.S. Territories","U.S. Territories Petroleum Consumption",1,1,"million barrels per day","PATC_UST",0.18,0.16,0.17,0.17,0.18,0.15,0.17,0.15,0.17,0.16,0.16,0.18,0.15,0.15,0.20,0.12,0.17,0.16,0.15,0.17,0.14,0.19,0.17,0.13,0.15,0.15,0.21,0.13,0.17,0.16,0.16,0.17,0.15,0.20,0.17,0.14,0.29,0.28,0.39,0.23,0.32,0.30,0.29,0.32,0.27,0.37,0.32,0.25,0.33,0.32,0.45,0.27,0.37,0.35,0.34,0.37,0.31,0.43,0.37,0.29,0.32,0.31,0.43,0.26,0.36,0.34,0.33,0.36,0.31,0.42,0.36,0.28,0.34,0.33,0.46,0.27,0.38,0.36,0.34,0.38,0.32,0.44,0.38,0.30,0.35,0.34,0.47,0.28,0.39,0.37,0.35,0.39,0.33,0.45,0.39,0.31,0.35,0.33,0.46,0.28,0.39,0.36,0.35,0.39,0.33,0.45,0.38,0.30,0.33,0.31,0.44,0.26,0.37,0.34,0.33,0.37,0.31,0.42,0.36,0.28,0.31,0.30,0.41,0.25,0.34,0.32,0.31,0.35,0.29,0.40,0.34,0.27,0.24,0.23,0.32,0.20,0.27,0.26,0.25,0.27,0.23,0.31,0.27,0.21,0.23,0.23,0.31,0.19,0.26,0.25,0.24,0.26,0.22,0.30,0.26,0.20,0.20,0.19,0.27,0.16,0.22,0.21,0.20,0.22,0.19,0.26,0.22,0.18,0.20,0.19,0.26,0.16,0.22,0.21,0.20,0.22,0.19,0.25,0.22,0.17,0.18,0.17,0.24,0.15,0.20,0.19,0.18,0.20,0.17,0.23,0.20,0.16,0.15,0.14,0.19,0.12,0.16,0.15,0.15,0.16,0.14,0.19,0.16,0.13,0.15,0.15,0.19,0.12,0.16,0.15,0.15,0.16,0.14,0.19,0.16,0.13,0.15,0.15,0.20,0.12,0.16,0.16,0.15,0.17,0.14,0.19,0.16,0.13,0.13,0.13,0.17,0.11,0.15,0.14,0.13,0.15,0.13,0.17,0.15,0.12,0.14,0.13,0.14,0.14,0.15,0.15,0.16,0.16,0.16,0.15,0.15,0.15,0.13,0.13,0.13,0.13,0.14,0.14,0.15,0.16,0.16,0.15,0.15,0.15,0.18,0.18,0.23,0.14,0.19,0.18,0.18,0.20,0.16,0.22,0.19,0.15,0.16,0.15,0.20,0.12,0.17,0.16,0.15,0.17,0.14,0.19,0.17,0.13,0.18,0.18,0.24,0.15,0.20,0.19,0.18,0.20,0.17,0.23,0.20,0.16,0.19,0.19,0.24,0.15,0.20,0.19,0.19,0.20,0.18,0.23,0.20,0.16
"Canada","Canada Petroleum Consumption",1,1,"million barrels per day","PATC_CA",1.83,1.86,1.77,1.73,1.83,1.90,2.00,1.97,1.88,1.93,1.84,1.90,1.84,1.90,1.85,1.78,1.72,1.83,1.84,1.88,1.94,1.98,1.92,1.90,1.89,1.97,1.91,1.84,1.90,1.95,2.00,1.99,2.05,1.94,2.02,1.89,1.76,2.01,1.85,1.74,1.97,1.94,1.89,1.97,2.00,1.98,2.04,1.98,2.01,2.04,1.90,1.82,1.94,1.93,1.94,2.10,1.85,1.97,2.02,1.89,2.00,2.07,2.04,1.95,1.96,2.02,2.05,2.11,1.98,2.10,2.13,2.08,2.08,2.22,2.07,2.12,2.15,2.07,2.15,2.21,2.13,2.24,2.18,2.25,2.22,2.26,2.25,2.12,2.09,2.22,2.22,2.25,2.28,2.22,2.31,2.35,2.40,2.41,2.31,2.15,2.28,2.32,2.27,2.38,2.24,2.27,2.44,2.33,2.22,2.38,2.33,2.17,2.22,2.35,2.36,2.41,2.30,2.31,2.40,2.30,2.35,2.52,2.39,2.23,2.38,2.37,2.43,2.48,2.41,2.42,2.46,2.37,2.38,2.41,2.31,2.20,2.26,2.30,2.34,2.26,2.32,2.35,2.33,2.28,2.34,2.34,2.26,2.16,2.16,2.26,2.28,2.27,2.25,2.21,2.26,2.31,2.23,2.37,2.25,2.29,2.31,2.45,2.31,2.48,2.43,2.35,2.43,2.46,2.36,2.43,2.49,2.25,2.29,2.44,2.42,2.56,2.41,2.29,2.38,2.40,2.28,2.36,2.40,2.34,2.49,2.24,2.47,2.60,2.43,2.48,2.65,2.50,2.48,2.44,2.37,2.36,2.45,2.39,2.44,2.42,2.43,2.37,2.48,2.38,2.40,2.51,2.32,2.24,2.31,2.39,2.46,2.38,2.47,2.42,2.36,2.42,2.48,2.57,2.37,2.32,2.36,2.43,2.47,2.49,2.50,2.48,2.44,2.40,2.45,2.42,2.39,2.35,2.39,2.48,2.49,2.62,2.54,2.43,2.47,2.55,2.39,2.37,2.42,2.20,2.45,2.48,2.50,2.60,2.52,2.52,2.60,2.49,2.45,2.48,2.33,2.35,2.50,2.46,2.64,2.63,2.68,2.73,2.61,2.40,2.29,2.36,2.23,2.32,2.35,2.55,2.60,2.83,2.68,2.63,2.59,2.65,2.39,2.60,2.28,1.75,1.97,2.17,2.19,2.32,2.24,2.06,2.26,2.09,2.00,2.18,2.19,2.06,2.05,2.19,2.32,2.43,2.40,2.38,2.42,2.42,2.39,2.43,2.34,2.27,2.33,2.39,2.41,2.47,2.42,2.40,2.42,2.42
"Europe","Europe Petroleum Consumption",1,1,"million barrels per day","PATC_OECD_EUROPE",15.66,15.52,14.56,15.68,14.45,15.40,15.67,14.46,16.03,16.01,15.44,15.94,15.21,16.07,16.10,15.18,14.33,15.69,15.81,14.98,15.92,15.78,16.39,16.61,15.09,16.72,16.93,14.93,14.17,15.32,15.02,14.76,15.61,15.50,16.34,16.45,14.88,15.89,15.71,14.73,14.89,15.20,14.86,15.90,15.76,15.84,15.82,15.55,15.54,15.54,15.49,14.96,15.08,15.19,15.65,15.77,16.12,15.86,16.18,15.71,15.82,15.87,15.34,15.28,14.75,15.42,15.93,15.24,15.92,16.08,15.68,15.59,15.45,16.45,15.31,15.51,15.29,15.43,15.83,14.95,16.40,16.24,15.48,16.01,15.23,15.93,16.24,15.83,14.59,15.65,15.84,15.19,16.36,16.02,16.27,16.32,15.39,16.47,16.10,15.57,15.27,15.70,15.47,16.05,16.31,15.66,16.37,16.14,15.78,16.41,16.57,14.98,15.57,16.07,15.72,15.74,16.36,16.38,16.24,15.38,15.26,15.62,15.55,15.14,15.22,15.56,15.69,15.71,15.96,16.46,16.31,15.27,15.58,15.80,15.08,15.84,14.96,15.14,15.66,15.20,16.31,16.16,15.14,15.38,15.02,15.35,15.33,14.76,14.08,14.90,14.89,14.00,15.22,14.97,14.38,14.56,13.64,14.91,14.95,14.41,14.00,14.92,15.04,14.69,15.54,15.14,15.18,14.75,13.71,14.85,14.26,13.95,14.08,14.48,14.45,14.83,15.04,14.46,14.17,13.83,13.11,14.56,13.79,13.76,13.74,14.25,14.21,13.82,13.85,14.35,13.96,13.16,12.90,13.49,13.20,14.10,13.87,13.77,14.30,13.87,13.95,14.15,13.64,13.08,12.72,13.44,13.37,13.61,13.30,13.78,14.15,13.72,14.20,14.08,13.20,13.53,13.11,14.02,13.62,13.83,13.21,14.14,14.33,14.12,14.58,14.04,13.62,14.00,12.95,13.92,13.97,14.06,13.70,14.11,14.12,14.66,14.62,14.36,14.13,14.12,13.59,13.99,14.21,13.95,14.35,14.84,14.73,14.67,15.08,14.61,14.63,14.27,13.41,14.65,14.32,14.28,14.10,14.44,14.85,14.74,14.51,14.61,14.19,13.64,14.01,14.37,13.93,14.51,14.00,14.24,14.99,14.58,14.61,14.58,14.04,13.75,13.40,13.93,12.73,10.35,10.70,11.98,12.99,12.46,13.19,12.95,12.33,12.25,11.21,12.01,12.49,12.24,12.09,13.37,13.54,13.51,14.03,13.89,13.64,13.44,12.79,13.64,13.35,13.35,13.00,13.48,13.57,13.39,13.75,13.51,13.17,12.94
"Japan","Japan Petroleum Consumption",1,1,"million barrels per day","PATC_JA",6.22,6.67,6.08,5.25,5.03,5.08,5.40,5.35,5.37,5.36,5.68,6.40,6.06,6.41,5.86,5.04,4.76,4.97,5.27,5.24,5.05,5.04,5.57,6.34,5.83,6.41,6.14,5.38,4.84,5.02,5.14,5.33,5.41,5.14,5.79,6.80,5.46,6.40,6.26,5.15,4.83,4.84,5.19,5.44,5.39,4.97,5.54,6.17,5.99,6.32,5.81,5.07,4.86,4.80,5.08,5.16,4.91,4.89,5.43,6.13,5.65,5.97,5.39,4.83,4.44,4.52,5.01,4.98,5.02,5.08,5.90,6.56,6.03,6.45,6.05,5.11,4.88,4.93,4.80,4.82,4.91,5.19,5.31,6.18,5.81,6.00,5.79,5.03,4.65,4.71,5.05,5.21,4.89,5.07,5.15,5.91,5.78,6.20,5.98,5.10,4.52,4.98,4.91,4.94,5.00,4.67,5.26,6.23,5.94,6.07,5.65,5.07,4.40,4.72,4.95,4.80,4.51,4.75,5.22,5.92,5.22,5.57,5.41,4.90,4.43,4.60,4.59,4.62,4.89,4.82,5.23,5.69,5.33,5.84,5.06,5.00,4.45,4.33,4.46,4.17,4.29,4.34,4.57,5.11,4.77,4.66,4.55,4.19,3.78,4.04,3.97,4.14,4.13,4.26,4.38,5.06,4.80,4.95,4.70,4.32,3.81,3.94,4.13,4.35,4.39,3.99,4.52,4.94,4.80,5.00,4.50,4.04,3.72,3.88,4.17,4.40,4.23,4.35,4.53,5.38,5.13,5.51,5.10,4.33,4.32,4.06,4.33,4.58,4.39,4.37,4.59,5.44,5.12,5.24,4.72,4.34,4.07,3.87,4.35,4.36,4.09,4.15,4.79,5.20,5.01,5.25,4.84,4.04,3.77,3.76,3.91,3.88,3.78,3.93,4.28,5.02,4.57,5.09,4.55,4.21,3.64,3.73,3.85,3.96,3.91,3.88,4.03,4.66,4.39,4.68,4.40,3.97,3.57,3.56,3.77,3.86,3.72,3.77,4.15,4.59,4.17,4.56,4.28,3.85,3.56,3.53,3.64,3.75,3.68,3.65,4.15,4.55,4.31,4.62,4.09,3.68,3.51,3.31,3.58,3.67,3.57,3.70,3.94,4.27,4.13,4.39,3.90,3.66,3.39,3.39,3.48,3.51,3.56,3.44,3.83,4.24,3.80,4.04,3.51,3.12,2.77,2.90,3.02,3.08,3.10,3.19,3.48,3.93,3.78,3.83,3.58,3.26,2.93,3.06,2.99,3.11,3.00,3.07,3.36,3.87,3.63,3.87,3.51,3.16,2.88,2.91,3.04,3.14,3.05,3.07,3.31,3.80
"Other OECD","Other OECD Petroleum Consumption",1,1,"million barrels per day","PATC_OTHER_OECD",5.82,5.73,5.57,5.53,5.25,5.11,5.21,5.45,5.48,5.65,5.79,6.26,5.32,5.52,5.48,5.26,5.06,5.28,5.20,5.17,5.24,5.31,5.60,5.95,5.63,5.78,5.91,5.43,5.12,5.41,5.36,5.35,5.49,5.43,5.72,6.12,5.82,6.01,5.93,5.62,5.72,5.62,5.32,5.70,5.62,5.42,5.78,5.83,5.91,5.86,5.86,5.40,5.54,5.59,5.37,5.54,5.47,5.42,5.73,6.04,5.84,5.80,5.67,5.60,5.31,5.28,5.43,5.50,5.52,5.60,5.76,6.16,5.89,6.01,5.67,5.54,5.47,5.54,5.59,5.44,5.54,5.70,5.81,6.23,5.95,5.91,5.93,5.60,5.54,5.72,5.56,5.63,5.71,5.63,5.98,6.20,6.02,6.05,6.11,5.95,5.60,5.84,5.52,5.83,5.75,5.46,6.06,6.38,6.08,6.09,6.04,5.69,5.77,5.80,5.50,5.83,5.78,5.68,6.21,6.36,6.21,6.32,6.23,6.01,6.00,6.05,5.98,6.01,5.80,6.19,6.36,6.30,6.17,6.33,6.04,6.03,6.20,5.94,6.05,5.92,5.99,5.81,5.76,6.19,5.98,6.24,6.00,5.92,5.84,5.82,5.88,5.86,5.83,5.97,6.04,6.37,6.01,6.32,6.15,6.07,5.97,6.11,6.01,6.12,6.03,6.05,6.30,6.45,6.11,6.46,6.31,5.91,5.97,6.15,6.18,6.29,6.18,6.05,6.30,6.62,6.24,6.46,6.21,6.05,6.25,6.37,6.27,6.39,6.18,6.41,6.57,6.54,6.37,6.48,6.04,6.30,6.23,6.34,6.26,6.34,5.97,6.21,6.34,6.41,6.14,6.32,6.22,6.20,6.22,6.17,6.25,6.14,6.10,6.13,6.20,6.47,6.22,6.45,6.26,6.20,6.02,6.20,6.31,6.34,6.29,6.32,6.44,6.67,6.51,6.76,6.46,6.38,6.40,6.47,6.29,6.60,6.46,6.31,6.68,6.86,6.45,6.81,6.68,6.42,6.63,6.63,6.54,6.52,6.55,6.45,6.69,6.68,6.53,6.67,6.53,6.50,6.56,6.56,6.46,6.44,6.33,6.18,6.41,6.32,6.58,6.60,6.31,6.66,6.35,6.46,6.62,6.67,6.25,6.36,6.61,6.69,6.39,6.41,6.11,5.04,5.45,5.51,5.44,5.39,5.57,5.67,5.75,5.89,5.62,6.04,6.04,5.81,5.92,5.98,5.78,5.96,5.85,5.98,6.22,6.40,6.09,6.29,6.15,5.93,6.02,6.05,6.02,6.10,5.99,6.05,6.22,6.34
"Non-OECD","Total non-OECD Petroleum Consumption",1,1,"million barrels per day","PATC_NON_OECD",25.69,25.69,25.69,25.71,25.71,25.71,25.66,25.66,25.66,26.39,26.39,26.39,26.21,26.21,26.21,26.40,26.40,26.40,26.27,26.27,26.27,27.13,27.13,27.13,26.98,27.19,27.10,27.25,27.21,27.27,27.02,26.94,27.04,27.52,27.69,27.71,28.29,28.77,28.53,28.13,28.22,28.27,28.54,28.71,28.85,28.59,28.88,28.70,29.01,29.06,29.21,29.31,29.42,29.51,28.74,28.92,28.98,29.48,29.53,29.38,29.49,29.63,29.74,30.04,30.03,30.02,29.92,29.90,29.82,30.62,30.43,30.37,30.52,30.67,30.34,29.90,30.39,30.79,31.09,30.96,31.17,31.60,31.61,31.96,31.97,32.35,32.88,33.16,32.77,34.03,33.20,33.56,33.44,33.41,34.02,34.30,33.78,34.27,34.11,33.95,33.65,35.30,34.20,34.32,34.44,33.41,33.84,34.18,33.93,35.69,35.16,34.92,35.38,35.62,35.13,36.08,36.20,36.08,35.97,35.41,36.36,36.32,36.86,36.23,36.94,37.57,37.48,36.66,37.11,37.39,37.04,38.15,37.64,37.56,39.37,38.87,38.95,38.45,38.67,38.73,39.17,38.29,36.83,37.31,36.70,37.85,38.51,38.94,39.50,40.50,40.88,40.08,40.30,40.23,39.30,40.76,38.54,41.26,41.11,41.27,40.81,43.07,41.26,42.01,42.73,41.42,42.89,43.53,41.66,42.61,41.95,42.47,42.80,43.08,42.97,43.29,43.15,42.99,44.53,43.68,42.49,44.22,44.01,43.45,44.78,44.66,45.54,44.66,44.86,46.14,46.12,45.67,46.12,45.47,45.51,45.50,46.06,46.67,47.22,45.63,46.34,45.74,46.89,47.44,47.16,47.36,45.99,48.15,48.05,48.09,47.45,47.81,49.11,47.12,47.91,49.50,47.07,48.11,46.88,49.09,47.63,50.52,49.84,48.48,49.90,48.56,48.62,50.74,47.48,50.27,49.84,50.40,50.43,50.10,49.41,51.00,49.77,48.87,50.41,50.88,49.38,50.14,51.34,50.71,52.14,52.91,51.35,51.33,52.63,51.27,52.78,51.28,50.74,51.53,51.81,51.97,52.55,52.91,52.67,52.37,52.78,51.90,52.40,53.11,51.92,53.10,52.79,53.00,53.46,53.84,53.88,53.44,53.90,52.81,53.77,54.47,51.20,51.30,48.55,45.35,47.25,49.74,50.75,50.74,52.16,51.68,52.69,53.42,51.63,52.94,52.58,52.71,52.39,53.34,53.11,52.68,53.87,53.10,54.10,55.04,53.48,54.94,54.60,55.08,55.38,55.85,55.56,55.12,55.96,54.83,55.71,56.34
"Eurasia","Eurasia Petroleum Consumption",1,1,"million barrels per day","PATC_FSU",3.99,3.99,3.99,3.72,3.72,3.72,3.64,3.64,3.64,3.83,3.83,3.83,3.83,3.83,3.83,3.57,3.57,3.57,3.50,3.50,3.50,3.68,3.68,3.68,3.82,3.82,3.82,3.57,3.57,3.57,3.50,3.50,3.50,3.68,3.68,3.68,3.74,3.74,3.74,3.49,3.49,3.49,3.42,3.42,3.42,3.59,3.59,3.59,3.75,3.75,3.75,3.50,3.50,3.50,3.43,3.43,3.43,3.61,3.61,3.61,3.75,3.77,3.76,3.51,3.52,3.51,3.45,3.44,3.45,3.62,3.62,3.63,3.82,3.82,3.82,3.57,3.55,3.56,3.49,3.49,3.49,3.68,3.70,3.71,3.43,3.42,3.42,3.63,3.59,3.60,3.71,3.69,3.66,3.88,3.91,3.88,3.63,3.63,3.64,3.60,3.59,3.57,3.75,3.76,3.75,3.76,3.76,3.76,3.77,3.80,3.75,3.59,3.60,3.61,3.92,3.93,3.91,3.98,3.98,4.00,3.67,3.93,3.79,3.67,3.60,3.65,3.87,3.93,3.92,3.85,4.00,4.11,3.77,4.10,4.01,3.93,3.82,3.97,4.06,4.16,4.23,4.08,3.93,3.83,3.52,3.86,3.69,3.61,3.70,3.77,3.99,3.95,3.99,3.85,4.02,3.93,3.75,3.94,3.86,3.82,3.86,4.05,4.07,4.27,4.29,4.11,4.10,4.24,3.92,3.99,3.91,3.95,4.19,4.45,4.37,4.60,4.37,4.45,4.46,4.32,3.88,4.20,4.05,4.04,4.16,4.38,4.43,4.47,4.35,4.34,4.46,4.38,3.95,4.19,4.11,4.01,4.24,4.50,4.60,4.70,4.65,4.64,4.63,4.67,4.17,4.55,4.47,4.31,4.70,4.83,4.84,4.99,4.93,4.81,4.82,4.83,4.52,4.61,4.29,4.66,4.78,4.92,5.01,5.10,4.81,4.78,4.84,4.93,4.45,4.71,4.58,4.46,4.53,4.75,4.90,5.08,4.85,4.88,4.91,4.91,4.40,4.70,4.56,4.68,4.71,4.96,5.04,5.02,5.04,4.95,4.93,4.87,4.45,4.68,4.57,4.50,4.63,4.83,4.89,5.01,4.92,4.74,4.81,4.85,4.64,4.86,4.73,4.65,4.77,4.97,5.12,5.22,5.14,4.95,5.02,5.08,4.80,5.02,4.76,4.25,4.38,4.83,5.17,5.36,5.30,5.11,5.18,5.21,4.83,5.07,4.94,4.86,5.00,5.22,5.38,5.49,5.40,5.19,5.27,5.33,4.96,5.21,5.07,4.98,5.12,5.34,5.50,5.60,5.52,5.32,5.40,5.46
"Europe","Europe Petroleum Consumption",1,1,"million barrels per day","PATC_NONOECD_EUROPE",0.70,0.70,0.70,0.66,0.66,0.66,0.62,0.62,0.62,0.66,0.66,0.66,0.70,0.70,0.70,0.65,0.65,0.65,0.61,0.61,0.61,0.66,0.66,0.66,0.64,0.64,0.64,0.60,0.60,0.60,0.56,0.56,0.56,0.60,0.60,0.60,0.69,0.69,0.69,0.65,0.65,0.65,0.61,0.61,0.61,0.65,0.65,0.65,0.75,0.75,0.75,0.70,0.70,0.70,0.66,0.66,0.66,0.71,0.71,0.71,0.77,0.74,0.77,0.71,0.71,0.71,0.66,0.66,0.68,0.72,0.72,0.72,0.80,0.82,0.84,0.74,0.68,0.74,0.68,0.66,0.68,0.73,0.74,0.75,0.76,0.76,0.81,0.72,0.70,0.72,0.69,0.72,0.74,0.75,0.76,0.76,0.74,0.80,0.79,0.72,0.73,0.78,0.70,0.77,0.76,0.75,0.78,0.80,0.75,0.76,0.73,0.76,0.77,0.76,0.75,0.76,0.77,0.81,0.81,0.78,0.79,0.78,0.81,0.73,0.74,0.81,0.77,0.77,0.81,0.85,0.80,0.78,0.81,0.81,0.82,0.79,0.78,0.80,0.74,0.74,0.76,0.78,0.77,0.76,0.78,0.75,0.77,0.77,0.76,0.79,0.74,0.73,0.75,0.78,0.74,0.72,0.69,0.72,0.74,0.72,0.72,0.71,0.70,0.73,0.76,0.75,0.77,0.75,0.66,0.69,0.71,0.70,0.70,0.72,0.71,0.75,0.73,0.76,0.76,0.71,0.72,0.68,0.66,0.68,0.73,0.69,0.71,0.70,0.68,0.71,0.69,0.66,0.60,0.64,0.65,0.67,0.67,0.66,0.69,0.67,0.69,0.72,0.70,0.67,0.63,0.65,0.66,0.64,0.69,0.67,0.69,0.67,0.70,0.71,0.68,0.64,0.65,0.66,0.70,0.67,0.69,0.71,0.70,0.72,0.71,0.69,0.72,0.71,0.69,0.71,0.71,0.72,0.73,0.76,0.74,0.74,0.72,0.74,0.72,0.72,0.71,0.73,0.73,0.74,0.76,0.76,0.76,0.77,0.76,0.79,0.77,0.74,0.70,0.72,0.73,0.73,0.75,0.75,0.76,0.76,0.76,0.78,0.77,0.74,0.75,0.75,0.75,0.75,0.75,0.76,0.76,0.76,0.77,0.78,0.77,0.76,0.71,0.71,0.71,0.68,0.68,0.71,0.71,0.71,0.72,0.73,0.72,0.72,0.72,0.73,0.73,0.73,0.74,0.74,0.74,0.74,0.75,0.76,0.75,0.74,0.73,0.74,0.75,0.74,0.74,0.75,0.74,0.74,0.75,0.76,0.75,0.74
"China","China Petroleum Consumption",1,1,"million barrels per day","PATC_CH",3.47,3.47,3.47,3.55,3.55,3.55,3.62,3.62,3.62,3.90,3.90,3.90,3.92,3.92,3.92,4.10,4.10,4.10,3.99,3.99,3.99,4.46,4.46,4.46,4.24,4.24,4.24,4.48,4.48,4.48,4.20,4.20,4.20,4.51,4.51,4.51,4.63,4.63,4.63,4.45,4.45,4.45,4.95,4.95,4.95,4.72,4.72,4.72,4.60,4.60,4.60,5.10,5.10,5.10,4.64,4.64,4.64,4.91,4.91,4.91,4.90,4.90,4.90,5.28,5.28,5.28,5.20,5.20,5.20,5.46,5.46,5.46,5.55,5.55,5.55,5.52,5.52,5.52,5.98,5.98,5.98,6.08,6.08,6.08,6.46,6.78,6.73,6.81,6.63,7.32,6.49,6.89,6.62,6.68,7.16,7.10,6.90,7.02,6.82,6.76,6.43,7.56,7.06,6.78,7.11,6.95,7.15,7.13,6.67,7.71,7.49,7.73,7.36,7.71,7.33,7.71,7.87,7.62,7.35,7.40,7.96,7.38,7.83,7.88,8.21,8.17,8.50,7.37,7.82,7.86,7.43,8.61,8.02,7.15,8.84,8.08,8.62,7.88,8.17,8.30,8.28,7.90,7.30,7.88,7.37,7.46,8.27,8.61,8.69,8.59,9.21,8.58,8.57,8.92,8.39,9.20,8.16,9.30,9.25,9.48,8.54,10.01,8.56,9.07,9.91,8.94,10.57,10.37,10.13,10.23,9.92,10.29,10.08,9.69,9.70,9.95,9.71,9.87,10.69,10.39,10.29,10.84,10.44,10.08,10.61,9.80,10.69,9.56,10.54,11.19,11.32,11.23,11.89,11.22,11.02,10.99,11.00,10.97,11.45,9.98,11.54,10.29,11.47,12.11,12.13,11.04,10.33,12.27,11.42,11.03,10.84,11.19,12.45,11.04,11.89,13.01,11.86,12.23,11.44,12.97,10.87,12.96,13.07,11.67,12.32,11.65,11.71,13.37,11.49,13.48,12.91,13.46,13.18,12.73,12.18,12.83,12.93,11.82,13.22,13.83,12.89,12.95,13.58,13.20,13.82,13.73,12.84,12.67,13.98,12.96,14.47,13.00,13.58,13.99,13.91,14.20,14.00,13.84,13.79,13.37,14.10,13.28,14.11,14.51,14.44,14.88,14.79,15.10,14.88,14.71,14.66,14.21,14.98,14.10,14.99,15.41,14.36,13.73,13.56,14.16,14.13,13.95,14.49,14.33,15.14,14.34,15.28,15.71,14.99,15.44,15.35,15.67,15.45,15.27,15.06,14.52,15.35,14.64,15.60,16.09,15.65,16.02,15.86,16.22,15.99,15.81,15.75,15.27,16.14,15.18,16.17,16.62
"Other Asia","Other Asia Petroleum Consumption",1,1,"million barrels per day","PATC_OTHER_ASIA",6.65,6.65,6.65,6.71,6.71,6.71,6.55,6.55,6.55,6.74,6.74,6.74,6.55,6.55,6.55,6.71,6.71,6.71,6.62,6.62,6.62,6.84,6.84,6.84,6.97,7.18,7.09,7.22,7.18,7.23,7.21,7.12,7.23,7.22,7.39,7.40,7.48,7.69,7.62,7.63,7.72,7.62,7.52,7.57,7.73,7.58,7.83,7.78,7.71,7.75,7.78,7.72,7.78,7.79,7.57,7.64,7.78,7.78,7.91,7.90,7.77,7.84,7.88,8.06,8.13,7.89,7.97,7.89,7.90,8.09,8.17,8.31,8.26,8.21,7.93,7.85,8.17,8.25,8.22,8.03,8.11,8.29,8.64,8.78,8.47,8.56,8.80,8.83,8.78,8.82,8.82,8.52,8.81,8.85,8.94,9.13,9.11,9.23,9.02,9.07,9.18,9.20,8.65,8.75,8.49,8.17,8.17,8.52,9.00,9.28,9.11,9.01,9.32,9.00,8.71,8.78,8.96,8.96,9.23,9.13,9.52,9.61,9.50,9.48,9.53,9.73,9.37,9.34,9.59,9.63,9.82,9.83,9.87,10.06,10.12,10.32,9.80,9.59,9.29,9.20,9.28,9.23,9.23,9.26,9.38,9.93,9.72,9.73,9.96,10.22,9.81,9.81,9.87,10.21,9.97,10.24,9.98,10.74,10.61,10.51,10.65,10.56,10.26,10.13,10.24,10.43,10.47,10.92,10.56,10.73,10.90,10.83,10.60,10.61,10.44,10.35,10.55,10.65,11.23,10.98,10.60,11.10,11.19,10.99,11.16,11.03,10.92,10.90,10.68,11.02,11.24,11.22,11.28,11.38,11.31,11.22,11.31,11.19,11.10,11.11,10.90,11.24,11.48,11.40,11.42,11.73,11.70,11.50,11.83,11.64,11.38,11.13,11.27,11.11,11.62,11.61,11.59,12.07,11.80,11.95,12.00,12.06,11.62,11.54,11.97,11.78,11.97,12.36,12.51,12.84,12.89,13.09,12.77,12.21,12.26,12.55,12.25,12.61,12.79,12.61,12.98,12.90,13.46,13.23,13.48,13.49,13.08,13.06,13.14,13.21,13.57,13.53,13.69,13.57,14.02,13.81,14.03,13.79,13.69,13.58,13.51,13.81,13.86,14.07,13.91,14.07,14.04,14.14,14.21,13.97,13.88,13.74,13.54,13.78,14.25,14.20,13.77,13.85,12.48,10.39,11.80,12.69,12.63,12.34,12.81,13.44,13.69,13.70,13.53,13.94,13.85,13.66,13.05,13.30,13.22,13.04,13.27,13.65,13.95,14.11,14.01,14.48,14.43,14.46,14.55,14.39,14.11,13.98,14.03,14.23,14.49,14.59
"Other Non-OECD","Other Non-OECD Petroleum Consumption",1,1,"million barrels per day","PATC_OTHER_NONOECD",10.88,10.88,10.88,11.07,11.07,11.07,11.23,11.23,11.23,11.25,11.25,11.25,11.21,11.21,11.21,11.37,11.37,11.37,11.56,11.56,11.56,11.49,11.49,11.49,11.30,11.30,11.30,11.39,11.39,11.39,11.56,11.56,11.56,11.52,11.52,11.52,11.75,12.02,11.85,11.92,11.92,12.07,12.05,12.16,12.14,12.04,12.09,11.96,12.19,12.21,12.33,12.28,12.33,12.41,12.44,12.54,12.47,12.47,12.40,12.25,12.30,12.39,12.44,12.49,12.39,12.62,12.64,12.71,12.59,12.73,12.45,12.25,12.08,12.26,12.20,12.22,12.46,12.71,12.71,12.80,12.90,12.81,12.45,12.65,12.84,12.84,13.13,13.17,13.07,13.58,13.50,13.74,13.60,13.26,13.25,13.43,13.40,13.59,13.85,13.80,13.72,14.19,14.04,14.26,14.33,13.78,13.98,13.97,13.75,14.14,14.07,13.84,14.33,14.53,14.41,14.90,14.70,14.71,14.61,14.10,14.43,14.62,14.93,14.46,14.87,15.20,14.95,15.25,14.96,15.20,14.99,14.83,15.17,15.44,15.58,15.75,15.93,16.20,16.41,16.33,16.62,16.31,15.59,15.57,15.65,15.85,16.06,16.21,16.40,17.13,17.13,16.99,17.11,16.46,16.18,16.67,15.97,16.56,16.66,16.74,17.04,17.74,17.67,17.82,17.53,17.20,16.98,17.25,16.38,16.96,16.52,16.70,17.23,17.62,17.75,17.64,17.79,17.25,17.38,17.28,17.00,17.40,17.68,17.65,18.12,18.76,18.79,19.02,18.61,18.88,18.40,18.18,18.41,18.03,18.42,18.61,18.84,19.36,19.39,19.17,18.56,18.86,18.60,18.59,18.81,19.39,18.83,19.44,19.40,19.92,19.70,19.84,19.76,19.44,18.90,19.42,18.45,18.54,18.65,18.85,19.29,19.87,19.44,19.45,20.09,19.66,19.37,19.38,18.34,18.53,18.75,18.67,19.22,19.65,19.32,19.80,19.02,18.82,18.77,18.82,18.40,18.86,19.00,18.85,19.36,19.96,19.63,19.81,19.70,19.36,19.04,19.14,18.33,18.58,18.59,18.74,19.13,19.69,19.54,19.65,19.49,19.29,18.86,18.93,18.18,18.54,18.47,18.37,18.85,19.43,19.46,19.51,19.47,19.21,18.74,19.02,17.58,17.98,17.05,15.86,16.25,17.56,17.75,18.00,18.19,18.06,17.81,18.08,17.55,17.76,17.71,17.80,18.16,18.81,18.70,18.89,19.10,18.86,18.53,18.76,18.13,18.48,18.49,18.68,18.98,19.56,19.45,19.52,19.52,19.34,18.90,18.94
"Total World Consumption","Total World Petroleum Consumption",1,1,"million barrels per day","PATC_WORLD",73.96,74.02,71.71,72.63,70.73,71.97,73.20,71.60,73.14,74.57,73.87,76.31,73.15,74.58,74.38,72.83,70.82,73.51,74.02,73.05,73.46,74.62,75.45,77.48,74.60,77.32,77.69,74.11,72.12,74.97,74.52,74.64,75.24,75.60,76.81,79.61,75.52,79.00,77.89,74.42,75.56,76.23,75.79,78.54,77.78,76.96,77.72,79.29,78.88,78.84,78.60,76.56,76.72,76.92,77.05,78.00,76.66,77.88,78.66,78.44,78.57,79.09,78.28,77.52,76.60,77.46,78.74,78.31,78.03,79.58,80.25,80.98,80.33,82.50,79.60,78.29,77.90,78.91,79.90,79.36,80.41,81.57,80.64,83.60,82.01,83.66,84.01,82.57,80.35,83.48,83.10,83.26,83.53,83.66,84.93,86.61,84.40,86.56,86.09,83.14,82.33,85.70,83.67,85.57,84.21,82.17,84.98,87.05,84.71,87.53,86.80,83.29,84.16,85.88,84.72,86.66,86.02,86.38,87.07,86.46,86.27,87.95,87.39,85.29,85.94,87.19,87.22,86.87,86.87,88.15,88.29,88.78,87.59,88.20,88.00,87.96,86.89,86.09,86.98,85.84,86.14,86.96,83.96,85.62,84.08,85.48,85.68,84.83,83.83,86.60,86.76,85.55,86.54,86.74,85.37,88.50,84.07,88.84,88.51,87.59,85.99,90.26,88.23,89.54,90.78,88.15,90.49,92.05,87.77,90.36,88.96,87.35,87.50,89.44,89.11,90.96,90.09,89.19,91.19,90.85,87.73,91.91,89.89,88.24,90.35,90.65,91.54,91.38,89.96,92.69,92.61,91.59,91.87,91.92,90.58,91.31,91.59,92.01,93.98,91.92,92.20,92.12,93.79,93.65,92.68,93.93,91.39,93.20,92.41,93.22,93.61,93.47,95.00,93.57,93.50,96.56,92.87,96.04,93.23,95.02,92.35,97.01,97.07,95.48,96.75,94.94,94.41,98.20,92.99,98.02,96.99,96.60,95.96,96.69,95.97,99.14,97.01,95.58,97.69,99.11,95.41,97.15,99.12,96.88,99.32,101.09,99.05,99.31,100.26,98.63,101.32,99.75,98.13,99.77,99.94,98.95,99.61,100.59,101.02,101.37,100.10,100.05,100.47,100.21,99.71,101.27,99.56,100.63,100.13,101.32,102.48,102.39,101.41,100.76,101.77,102.39,97.26,98.55,91.85,80.27,84.39,90.05,92.93,92.71,94.82,94.35,95.42,96.52,93.01,94.63,96.33,95.69,95.67,98.68,97.81,98.48,99.29,98.66,99.93,101.36,98.45,101.02,100.17,99.90,100.22,101.61,101.57,101.53,101.91,100.79,101.76,102.55
"Total Crude Oil and Other Liquids Inventory Net Withdrawals","Total Crude Oil and Other Liquids Inventory Net Withdrawals",0,0,"million barrels per day",,,,,,,,,,,,,,,,,,,,,,,,,,,,,,,,,,,,,,,,,,,,,,,,,,,,,,,,,,,,,,,,,,,,,,,,,,,,,,,,,,,,,,,,,,,,,,,,,,,,,,,,,,,,,,,,,,,,,,,,,,,,,,,,,,,,,,,,,,,,,,,,,,,,,,,,,,,,,,,,,,,,,,,,,,,,,,,,,,,,,,,,,,,,,,,,,,,,,,,,,,,,,,,,,,,,,,,,,,,,,,,,,,,,,,,,,,,,,,,,,,,,,,,,,,,,,,,,,,,,,,,,,,,,,,,,,,,,,,,,,,,,,,,,,,,,,,,,,,,,,,,,,,,,,,,,,
"U.S. (50 States)","U.S. (50 States) Total Crude Oil and Other Liquids Inventory Net Withdrawals",1,1,"million barrels per day","T3_STCHANGE_US",0.22,0.68,-0.96,-0.20,-1.40,-0.46,0.51,-0.36,-0.74,-0.18,-0.06,1.28,-0.32,0.04,-0.59,-0.90,-1.22,0.04,-0.35,-0.24,0.55,0.10,-0.75,0.80,0.16,0.24,0.49,-0.13,-1.08,0.51,-0.04,0.71,0.23,0.96,0.49,2.50,0.50,0.39,-0.33,-0.97,-0.40,-0.27,-0.44,0.25,0.16,0.65,0.04,1.22,-0.35,0.20,-0.36,-1.25,-1.09,-0.26,-0.17,0.65,-1.02,0.06,-0.36,0.05,-0.14,0.51,0.12,-0.52,-0.73,-0.17,0.17,0.47,0.74,0.03,-0.18,0.99,1.40,1.57,-0.45,-0.72,-1.19,-0.90,-0.34,-0.05,-0.87,-0.12,0.12,0.96,0.39,-0.03,-0.44,-0.32,-0.96,-0.69,-0.49,-0.26,0.42,0.14,-0.63,0.37,0.44,-0.55,0.06,-1.38,-0.90,-0.33,-0.12,0.88,0.39,-0.39,-0.44,1.03,-0.48,-0.23,0.91,-0.31,-0.74,-0.18,-0.46,-0.64,-0.74,0.52,0.80,0.83,-0.12,2.07,-0.37,-0.55,-0.96,-0.20,-0.12,0.57,-0.03,0.29,0.60,0.80,-0.37,0.45,0.28,-0.39,-0.25,-0.40,-0.39,-0.40,0.21,-0.22,-0.70,-0.15,-0.91,-0.39,-0.83,-0.44,-0.50,-0.44,-0.19,0.52,-0.49,0.75,0.37,1.21,-0.09,0.03,-0.10,-0.74,-0.65,-0.35,-0.47,-0.21,0.05,0.41,0.66,1.09,-0.46,1.04,0.10,-0.10,-0.87,-0.06,-0.23,0.65,0.53,0.39,0.02,0.70,-0.63,0.16,-0.55,-0.07,-0.43,-0.41,-0.06,0.39,-0.62,0.31,-0.00,0.12,-0.10,0.76,-0.07,-0.47,-0.34,-0.07,0.04,-0.14,-0.31,0.77,0.70,0.94,0.44,-0.06,-0.27,-0.93,-0.93,-0.12,-0.14,-0.19,-0.47,0.20,-0.29,-0.44,-0.70,-0.01,-1.06,-0.86,-0.68,-0.34,0.06,-0.72,-0.31,-0.26,-0.49,0.24,-1.02,-0.15,-0.18,-0.36,-0.50,0.02,-0.57,-0.01,0.52,-0.02,-0.08,0.86,-0.78,0.08,0.60,0.10,-0.20,0.81,0.37,0.39,0.30,1.16,0.60,0.92,0.41,0.14,0.46,-0.12,-0.17,0.11,-0.19,-0.62,-1.31,0.52,0.26,-0.02,-0.20,0.60,0.10,-0.60,-1.28,0.10,-0.16,0.27,0.08,0.53,0.28,0.04,-0.58,0.59,-1.42,-2.66,-1.26,-1.11,0.12,0.81,0.66,1.31,-0.06,1.46,0.43,1.27,-0.23,0.56,0.05,0.95,0.08,1.37,0.15,0.36,0.34,0.85,-0.32,0.03,-0.10,-0.81,-0.77,-0.54,-0.21,0.06,-0.12,0.32,0.09,0.74
"Other OECD","Other OECD Total Crude Oil and Other Liquids Inventory Net Withdrawals",1,1,"million barrels per day","T3_STCHANGE_OOECD","--","--","--","--","--","--","--","--","--","--","--","--","--","--","--","--","--","--","--","--","--","--","--","--","--","--","--","--","--","--","--","--","--","--","--","--","--","--","--","--","--","--","--","--","--","--","--","--","--","--","--","--","--","--","--","--","--","--","--","--","--","--","--","--","--","--","--","--","--","--","--","--","--",1.37,-1.77,-0.28,-0.48,-0.74,-0.62,-0.39,0.18,0.76,-0.31,0.83,-0.09,0.57,0.87,-0.33,-0.53,-0.05,-0.48,-0.26,-0.18,-0.30,-1.11,2.32,-1.06,1.03,0.34,-0.13,-1.75,1.79,-1.31,0.21,-0.50,-0.98,0.93,1.42,-0.71,0.03,0.54,-0.67,-0.87,0.58,-1.22,-0.32,-0.28,0.03,0.21,0.66,-0.02,0.23,1.24,-0.36,-0.55,0.46,-0.37,0.00,0.31,0.50,0.86,-0.64,-1.07,1.71,-0.71,0.44,-0.46,-0.19,-1.17,-0.11,0.36,-0.08,-0.11,0.04,-0.11,-0.03,0.31,0.31,0.19,-0.00,-0.02,-0.80,0.31,0.81,-0.73,1.43,-1.57,0.49,0.69,-0.78,-0.32,0.22,0.20,-0.89,1.74,-0.97,0.23,0.95,-1.48,1.53,0.55,-0.82,0.25,0.37,-0.00,0.04,0.60,0.39,-0.39,1.07,-1.16,0.37,0.19,-0.60,0.23,0.29,-0.98,-0.39,0.27,0.87,0.19,0.75,-0.25,0.31,-0.52,0.12,1.04,-0.13,-0.52,0.20,-0.48,0.45,0.75,0.49,-0.74,-0.08,0.06,0.54,-1.07,0.40,-0.33,-1.25,0.10,0.46,0.15,0.45,-0.38,0.20,-0.74,-0.04,-1.36,0.34,-0.37,-1.25,0.11,0.15,-0.08,-0.72,-0.88,-0.00,0.52,0.00,-0.33,-0.14,-1.11,0.51,0.42,0.40,0.78,0.62,-1.66,0.20,0.47,-0.59,0.25,0.59,-0.62,0.33,1.16,0.42,0.37,0.61,-1.01,0.44,0.95,0.07,0.12,0.28,-0.57,-0.26,1.22,-0.13,-0.04,-0.37,-0.11,-0.55,0.01,0.40,-0.12,-0.24,-0.46,-1.10,1.12,1.16,-0.28,0.27,-0.16,0.28,-1.59,-2.38,-1.96,0.90,-0.26,-0.44,0.84,0.40,0.73,0.93,-0.49,0.97,1.84,-0.26,-0.39,1.09,0.19,0.32,0.79,-0.18,0.15,0.34,-0.29,0.42,0.12,0.11,-0.01,0.13,0.00,-0.21,-0.02,-0.61,-0.28,-0.17
"Other Stock Draws and Balance","Non-OECD Total Crude Oil and Other Liquids Inventory Net Withdrawals",1,1,"million barrels per day","T3_STCHANGE_NOECD","--","--","--","--","--","--","--","--","--","--","--","--","--","--","--","--","--","--","--","--","--","--","--","--","--","--","--","--","--","--","--","--","--","--","--","--","--","--","--","--","--","--","--","--","--","--","--","--","--","--","--","--","--","--","--","--","--","--","--","--","--","--","--","--","--","--","--","--","--","--","--","--","--",0.24,2.03,0.63,0.95,2.64,2.12,0.50,1.00,-0.19,-0.66,-1.03,-1.07,0.33,0.89,0.64,-0.31,0.43,-0.34,0.43,-0.61,-0.99,2.02,-0.39,0.39,1.05,0.53,-0.96,-0.92,-1.17,0.02,-0.84,-0.31,-1.04,-0.95,-0.54,0.82,2.58,0.61,-0.79,0.92,0.63,0.21,1.62,1.57,0.09,0.86,0.02,1.68,0.66,1.63,0.90,2.51,1.98,2.29,1.68,1.14,1.17,0.86,2.13,2.53,-0.54,1.63,1.58,0.54,-0.34,0.54,-0.71,0.16,0.25,-1.99,0.27,0.66,0.81,1.25,-0.37,-1.15,1.46,0.55,-0.24,0.24,-1.76,-1.35,-0.74,-1.22,0.76,-0.03,0.87,-1.67,1.64,-0.51,1.71,-0.10,-0.17,0.24,0.81,-0.16,-0.94,0.47,0.49,0.49,0.58,0.31,0.74,0.17,-0.84,1.30,-1.55,-1.43,0.11,-0.65,-2.39,-0.35,0.11,1.49,0.21,-0.16,0.31,0.73,-0.67,1.66,0.52,0.59,0.21,-0.71,0.53,1.89,-0.57,1.20,-1.16,-0.07,-0.28,0.46,1.03,-0.93,0.82,1.22,-1.09,-0.14,0.26,0.20,-3.45,-2.21,-0.01,-1.44,0.57,-1.31,-0.50,-2.28,-0.20,-0.41,-0.26,-0.54,-2.61,-2.99,0.75,-2.79,1.30,-0.35,0.21,0.52,0.01,-0.21,1.79,-0.93,-2.98,-2.42,-0.69,0.57,-0.30,1.21,0.72,1.66,1.41,0.33,0.36,0.48,-1.82,0.89,-0.37,-0.29,-0.09,-1.01,-0.66,0.04,-0.23,0.58,0.47,-1.25,-2.69,-2.21,-1.31,-0.37,1.08,-0.75,0.38,1.34,0.82,3.13,2.05,0.71,-2.31,-0.35,0.25,-3.39,-2.59,-5.67,-14.66,-0.88,1.69,2.73,1.00,1.97,1.02,1.43,0.81,-0.85,1.89,0.95,1.42,1.12,1.23,0.40,0.67,1.68,-0.38,0.32,0.71,-0.61,0.87,0.26,0.23,-0.01,0.30,0.01,-0.45,-0.05,-1.33,-0.62,-0.38
"Total Stock Draw","World Total Crude Oil and Other Liquids Inventory Net Withdrawals",1,1,"million barrels per day","T3_STCHANGE_WORLD",0.53,0.06,-2.23,-1.76,-3.02,-0.98,-0.25,-2.77,-1.68,-0.76,-1.30,1.25,-3.34,-2.32,-2.33,-3.76,-5.15,-2.15,-1.19,-1.45,-1.06,-0.06,-0.24,2.11,-1.06,1.22,2.00,-0.17,-1.99,1.93,-0.15,0.04,0.53,0.29,1.50,4.98,-0.17,2.74,1.57,-2.51,-1.92,-1.00,-1.99,-0.15,-1.10,-2.28,-2.21,1.00,0.55,0.63,-0.34,-1.37,-0.58,1.18,-0.66,0.13,-0.78,0.44,0.71,1.23,1.87,2.27,1.67,1.40,-0.18,1.01,1.85,1.58,0.74,0.84,1.22,3.89,2.80,3.18,-0.20,-0.38,-0.71,1.00,1.16,0.06,0.32,0.44,-0.86,0.77,-0.77,0.87,1.32,-0.00,-1.80,-0.31,-1.31,-0.10,-0.38,-1.15,0.27,2.30,-0.23,1.54,0.94,-2.47,-3.57,0.29,-1.41,0.25,-0.42,-2.41,-0.45,1.91,-0.38,2.38,2.05,-1.78,-0.70,1.03,-1.47,0.66,0.54,0.64,1.87,1.51,1.53,2.95,2.51,-0.01,0.99,2.24,1.79,2.25,1.42,1.96,2.33,2.29,1.09,1.63,1.20,1.63,-0.17,-0.92,-1.02,-1.23,0.72,-0.05,-2.79,0.17,-0.36,0.38,0.73,-0.50,-1.45,1.02,0.35,-0.53,0.06,-0.20,-1.70,1.90,-2.89,1.28,0.56,-0.65,-2.64,1.51,-0.78,0.61,1.69,-0.73,1.14,2.84,-2.10,1.63,1.11,-0.43,-0.13,0.89,0.09,1.43,1.29,-0.05,0.94,0.21,-3.23,0.64,-1.02,-3.06,-0.56,-0.00,0.45,0.20,-0.51,1.49,0.92,0.20,1.31,1.58,0.00,-0.14,-0.01,0.33,1.41,-0.51,0.41,0.05,1.38,1.15,0.15,0.89,-1.14,0.43,-0.78,-0.81,-0.61,-1.19,-0.17,-2.79,-2.35,-0.01,-2.52,0.77,-3.11,-1.40,-4.32,-0.20,-0.72,-2.23,-0.74,-2.72,-3.56,0.26,-4.68,1.14,-0.01,-0.14,-0.31,-0.10,-1.89,2.28,0.01,-2.61,-1.71,0.79,-1.87,-0.01,2.28,0.22,1.71,2.80,0.09,1.07,1.94,-0.24,1.86,1.16,-0.90,0.49,0.40,-0.72,-0.01,0.16,-0.18,-0.40,-1.34,-2.30,-1.99,-1.71,-0.68,1.13,-0.64,0.19,-0.06,0.68,2.51,1.22,1.91,-0.62,-0.35,0.56,-4.12,-1.72,-8.68,-19.70,-4.10,1.48,2.58,1.36,3.47,2.73,2.10,3.20,-0.91,4.13,2.56,1.71,0.78,3.27,0.68,2.36,2.62,-0.20,0.81,1.91,-1.22,1.32,0.27,-0.47,-0.79,-0.11,-0.19,-0.60,-0.20,-1.62,-0.82,0.18
"End-of-period Commercial Crude Oil and Other Liquids Inventories","End-of-period Commercial Crude Oil and Other Liquids Inventories",0,0,"million barrels",,,,,,,,,,,,,,,,,,,,,,,,,,,,,,,,,,,,,,,,,,,,,,,,,,,,,,,,,,,,,,,,,,,,,,,,,,,,,,,,,,,,,,,,,,,,,,,,,,,,,,,,,,,,,,,,,,,,,,,,,,,,,,,,,,,,,,,,,,,,,,,,,,,,,,,,,,,,,,,,,,,,,,,,,,,,,,,,,,,,,,,,,,,,,,,,,,,,,,,,,,,,,,,,,,,,,,,,,,,,,,,,,,,,,,,,,,,,,,,,,,,,,,,,,,,,,,,,,,,,,,,,,,,,,,,,,,,,,,,,,,,,,,,,,,,,,,,,,,,,,,,,,,,,,,,,,
"U.S. Commercial Inventory","U.S. Commercial Inventory",1,1,"million barrels","PASC_US",937,918,948,954,998,1011,996,1007,1029,1034,1036,996,1006,1005,1024,1051,1089,1087,1098,1105,1089,1085,1103,1076,1070,1063,1048,1052,1084,1068,1068,1047,1039,1013,1001,926,909,897,907,936,948,957,969,960,957,942,958,927,937,931,942,979,1012,1020,1025,1005,1034,1032,1040,1036,1036,1016,1011,1022,1040,1040,1032,1014,987,983,983,949,905,861,875,896,930,951,958,954,974,971,965,930,915,910,919,922,949,969,980,985,971,967,983,969,951,964,956,994,1020,1027,1028,999,995,1015,1028,997,1013,1018,989,996,1019,1025,1039,1059,1081,1064,1040,1014,1018,960,972,987,1016,1022,1026,1008,1007,996,977,951,961,947,937,947,952,963,973,986,984,992,1013,1017,1044,1053,1071,1079,1091,1102,1108,1092,1105,1082,1070,1032,1035,1034,1037,1059,1079,1090,1104,1111,1110,1097,1077,1043,1057,1028,1025,1028,1055,1057,1072,1074,1058,1046,1045,1024,1043,1039,1056,1058,1071,1084,1085,1073,1093,1083,1084,1080,1082,1061,1063,1077,1088,1090,1088,1093,1102,1078,1058,1028,1015,1016,1025,1055,1087,1090,1094,1100,1114,1108,1117,1131,1152,1153,1186,1211,1231,1240,1237,1259,1268,1277,1291,1284,1316,1320,1326,1336,1352,1351,1369,1369,1353,1354,1357,1330,1354,1352,1337,1336,1347,1328,1317,1305,1301,1270,1259,1229,1215,1210,1196,1201,1210,1207,1213,1232,1271,1260,1258,1259,1265,1248,1245,1264,1307,1304,1309,1301,1298,1286,1283,1282,1300,1283,1327,1404,1432,1458,1454,1438,1423,1386,1389,1343,1330,1295,1302,1289,1294,1271,1269,1227,1226,1223,1220,1198,1208,1207,1210,1234,1258,1275,1281,1279,1283,1276,1277,1257
"OECD Commercial Inventory","OECD Commercial Inventory",1,1,"million barrels","PASC_OECD_T3","--","--","--","--","--","--","--","--","--","--","--","--","--","--","--","--","--","--","--","--","--","--","--","--","--","--","--","--","--","--","--","--","--","--","--","--","--","--","--","--","--","--","--","--","--","--","--","--","--","--","--","--","--","--","--","--","--","--","--","--","--","--","--","--","--","--","--","--","--","--","--","--",2477,2394,2463,2493,2541,2585,2611,2618,2633,2607,2610,2549,2537,2516,2498,2511,2554,2575,2602,2615,2606,2611,2661,2575,2590,2574,2556,2597,2677,2631,2673,2637,2648,2699,2683,2609,2647,2651,2605,2632,2682,2670,2722,2752,2783,2765,2735,2689,2693,2629,2602,2628,2675,2667,2682,2664,2653,2627,2582,2576,2619,2555,2567,2564,2583,2599,2647,2663,2650,2660,2684,2688,2717,2727,2736,2734,2741,2752,2758,2767,2771,2723,2732,2650,2702,2687,2669,2714,2744,2748,2757,2791,2737,2754,2727,2664,2724,2652,2632,2660,2679,2670,2685,2686,2652,2628,2639,2584,2640,2624,2636,2656,2662,2666,2698,2698,2709,2673,2667,2640,2650,2620,2638,2649,2627,2633,2648,2646,2670,2632,2589,2545,2554,2558,2564,2579,2643,2635,2650,2694,2706,2685,2689,2689,2723,2717,2773,2800,2862,2861,2869,2930,2936,2940,2957,2972,3031,3035,3025,3035,3061,3064,3116,3101,3073,3061,3040,2994,3070,3062,3032,3050,3053,3016,3024,3002,2963,2919,2898,2849,2866,2848,2805,2808,2813,2802,2825,2852,2855,2848,2847,2859,2869,2868,2864,2870,2918,2922,2941,2967,2931,2882,2888,2879,2902,2876,2970,3118,3208,3206,3211,3208,3168,3119,3099,3025,3027,2964,2914,2910,2926,2872,2863,2811,2786,2789,2782,2749,2768,2755,2754,2776,2800,2812,2818,2823,2827,2840,2849,2834